file,record,ending_line,reason
\\?\D:\HUB\IAP491-Phishing_Email_Detection\IAP491t_backups\Dataset\phishing\TREC_05.csv,91,1567,CSV field count does not match header; cannot safely infer missing fields
\\?\D:\HUB\IAP491-Phishing_Email_Detection\IAP491t_backups\Dataset\phishing\TREC_05.csv,92,1568,CSV field count does not match header; cannot safely infer missing fields
\\?\D:\HUB\IAP491-Phishing_Email_Detection\IAP491t_backups\Dataset\phishing\TREC_05.csv,105,1636,CSV field count does not match header; cannot safely infer missing fields
\\?\D:\HUB\IAP491-Phishing_Email_Detection\IAP491t_backups\Dataset\phishing\TREC_05.csv,106,1637,CSV field count does not match header; cannot safely infer missing fields
\\?\D:\HUB\IAP491-Phishing_Email_Detection\IAP491t_backups\Dataset\phishing\TREC_05.csv,186,2756,CSV field count does not match header; cannot safely infer missing fields
\\?\D:\HUB\IAP491-Phishing_Email_Detection\IAP491t_backups\Dataset\phishing\TREC_05.csv,187,2757,CSV field count does not match header; cannot safely infer missing fields
\\?\D:\HUB\IAP491-Phishing_Email_Detection\IAP491t_backups\Dataset\phishing\TREC_05.csv,188,2758,CSV field count does not match header; cannot safely infer missing fields
\\?\D:\HUB\IAP491-Phishing_Email_Detection\IAP491t_backups\Dataset\phishing\TREC_05.csv,189,2759,CSV field count does not match header; cannot safely infer missing fields
\\?\D:\HUB\IAP491-Phishing_Email_Detection\IAP491t_backups\Dataset\phishing\TREC_05.csv,190,2760,CSV field count does not match header; cannot safely infer missing fields
\\?\D:\HUB\IAP491-Phishing_Email_Detection\IAP491t_backups\Dataset\phishing\TREC_05.csv,228,3441,CSV field count does not match header; cannot safely infer missing fields
\\?\D:\HUB\IAP491-Phishing_Email_Detection\IAP491t_backups\Dataset\phishing\TREC_05.csv,229,3442,CSV field count does not match header; cannot safely infer missing fields
\\?\D:\HUB\IAP491-Phishing_Email_Detection\IAP491t_backups\Dataset\phishing\TREC_05.csv,230,3443,CSV field count does not match header; cannot safely infer missing fields
\\?\D:\HUB\IAP491-Phishing_Email_Detection\IAP491t_backups\Dataset\phishing\TREC_05.csv,231,3444,CSV field count does not match header; cannot safely infer missing fields
\\?\D:\HUB\IAP491-Phishing_Email_Detection\IAP491t_backups\Dataset\phishing\TREC_05.csv,234,3450,CSV field count does not match header; cannot safely infer missing fields
\\?\D:\HUB\IAP491-Phishing_Email_Detection\IAP491t_backups\Dataset\phishing\TREC_05.csv,235,3451,CSV field count does not match header; cannot safely infer missing fields
\\?\D:\HUB\IAP491-Phishing_Email_Detection\IAP491t_backups\Dataset\phishing\TREC_05.csv,236,3452,CSV field count does not match header; cannot safely infer missing fields
\\?\D:\HUB\IAP491-Phishing_Email_Detection\IAP491t_backups\Dataset\phishing\TREC_05.csv,237,3453,CSV field count does not match header; cannot safely infer missing fields
\\?\D:\HUB\IAP491-Phishing_Email_Detection\IAP491t_backups\Dataset\phishing\TREC_05.csv,261,3874,CSV field count does not match header; cannot safely infer missing fields
\\?\D:\HUB\IAP491-Phishing_Email_Detection\IAP491t_backups\Dataset\phishing\TREC_05.csv,262,3875,CSV field count does not match header; cannot safely infer missing fields
\\?\D:\HUB\IAP491-Phishing_Email_Detection\IAP491t_backups\Dataset\phishing\TREC_05.csv,263,3876,CSV field count does not match header; cannot safely infer missing fields
\\?\D:\HUB\IAP491-Phishing_Email_Detection\IAP491t_backups\Dataset\phishing\TREC_05.csv,264,3877,CSV field count does not match header; cannot safely infer missing fields
\\?\D:\HUB\IAP491-Phishing_Email_Detection\IAP491t_backups\Dataset\phishing\TREC_05.csv,299,4465,CSV field count does not match header; cannot safely infer missing fields
\\?\D:\HUB\IAP491-Phishing_Email_Detection\IAP491t_backups\Dataset\phishing\TREC_05.csv,300,4466,CSV field count does not match header; cannot safely infer missing fields
\\?\D:\HUB\IAP491-Phishing_Email_Detection\IAP491t_backups\Dataset\phishing\TREC_05.csv,301,4467,CSV field count does not match header; cannot safely infer missing fields
\\?\D:\HUB\IAP491-Phishing_Email_Detection\IAP491t_backups\Dataset\phishing\TREC_05.csv,302,4468,CSV field count does not match header; cannot safely infer missing fields
\\?\D:\HUB\IAP491-Phishing_Email_Detection\IAP491t_backups\Dataset\phishing\TREC_05.csv,314,4586,CSV field count does not match header; cannot safely infer missing fields
\\?\D:\HUB\IAP491-Phishing_Email_Detection\IAP491t_backups\Dataset\phishing\TREC_05.csv,315,4587,CSV field count does not match header; cannot safely infer missing fields
\\?\D:\HUB\IAP491-Phishing_Email_Detection\IAP491t_backups\Dataset\phishing\TREC_05.csv,316,4588,CSV field count does not match header; cannot safely infer missing fields
\\?\D:\HUB\IAP491-Phishing_Email_Detection\IAP491t_backups\Dataset\phishing\TREC_05.csv,317,4589,CSV field count does not match header; cannot safely infer missing fields
\\?\D:\HUB\IAP491-Phishing_Email_Detection\IAP491t_backups\Dataset\phishing\TREC_05.csv,318,4590,CSV field count does not match header; cannot safely infer missing fields
\\?\D:\HUB\IAP491-Phishing_Email_Detection\IAP491t_backups\Dataset\phishing\TREC_05.csv,319,4591,CSV field count does not match header; cannot safely infer missing fields
\\?\D:\HUB\IAP491-Phishing_Email_Detection\IAP491t_backups\Dataset\phishing\TREC_05.csv,320,4592,CSV field count does not match header; cannot safely infer missing fields
\\?\D:\HUB\IAP491-Phishing_Email_Detection\IAP491t_backups\Dataset\phishing\TREC_05.csv,355,5421,CSV field count does not match header; cannot safely infer missing fields
\\?\D:\HUB\IAP491-Phishing_Email_Detection\IAP491t_backups\Dataset\phishing\TREC_05.csv,356,5422,CSV field count does not match header; cannot safely infer missing fields
\\?\D:\HUB\IAP491-Phishing_Email_Detection\IAP491t_backups\Dataset\phishing\TREC_05.csv,357,5423,CSV field count does not match header; cannot safely infer missing fields
\\?\D:\HUB\IAP491-Phishing_Email_Detection\IAP491t_backups\Dataset\phishing\TREC_05.csv,358,5424,CSV field count does not match header; cannot safely infer missing fields
\\?\D:\HUB\IAP491-Phishing_Email_Detection\IAP491t_backups\Dataset\phishing\TREC_05.csv,359,5425,CSV field count does not match header; cannot safely infer missing fields
\\?\D:\HUB\IAP491-Phishing_Email_Detection\IAP491t_backups\Dataset\phishing\TREC_05.csv,509,8647,CSV field count does not match header; cannot safely infer missing fields
\\?\D:\HUB\IAP491-Phishing_Email_Detection\IAP491t_backups\Dataset\phishing\TREC_05.csv,510,8648,CSV field count does not match header; cannot safely infer missing fields
\\?\D:\HUB\IAP491-Phishing_Email_Detection\IAP491t_backups\Dataset\phishing\TREC_05.csv,511,8649,CSV field count does not match header; cannot safely infer missing fields
\\?\D:\HUB\IAP491-Phishing_Email_Detection\IAP491t_backups\Dataset\phishing\TREC_05.csv,512,8650,CSV field count does not match header; cannot safely infer missing fields
\\?\D:\HUB\IAP491-Phishing_Email_Detection\IAP491t_backups\Dataset\phishing\TREC_05.csv,513,8651,CSV field count does not match header; cannot safely infer missing fields
\\?\D:\HUB\IAP491-Phishing_Email_Detection\IAP491t_backups\Dataset\phishing\TREC_05.csv,514,8652,CSV field count does not match header; cannot safely infer missing fields
\\?\D:\HUB\IAP491-Phishing_Email_Detection\IAP491t_backups\Dataset\phishing\TREC_05.csv,515,8653,CSV field count does not match header; cannot safely infer missing fields
\\?\D:\HUB\IAP491-Phishing_Email_Detection\IAP491t_backups\Dataset\phishing\TREC_05.csv,516,8654,CSV field count does not match header; cannot safely infer missing fields
\\?\D:\HUB\IAP491-Phishing_Email_Detection\IAP491t_backups\Dataset\phishing\TREC_05.csv,517,8655,CSV field count does not match header; cannot safely infer missing fields
\\?\D:\HUB\IAP491-Phishing_Email_Detection\IAP491t_backups\Dataset\phishing\TREC_05.csv,518,8656,CSV field count does not match header; cannot safely infer missing fields
\\?\D:\HUB\IAP491-Phishing_Email_Detection\IAP491t_backups\Dataset\phishing\TREC_05.csv,519,8657,CSV field count does not match header; cannot safely infer missing fields
\\?\D:\HUB\IAP491-Phishing_Email_Detection\IAP491t_backups\Dataset\phishing\TREC_05.csv,520,8658,CSV field count does not match header; cannot safely infer missing fields
\\?\D:\HUB\IAP491-Phishing_Email_Detection\IAP491t_backups\Dataset\phishing\TREC_05.csv,521,8659,CSV field count does not match header; cannot safely infer missing fields
\\?\D:\HUB\IAP491-Phishing_Email_Detection\IAP491t_backups\Dataset\phishing\TREC_05.csv,522,8660,CSV field count does not match header; cannot safely infer missing fields
\\?\D:\HUB\IAP491-Phishing_Email_Detection\IAP491t_backups\Dataset\phishing\TREC_05.csv,523,8661,CSV field count does not match header; cannot safely infer missing fields
\\?\D:\HUB\IAP491-Phishing_Email_Detection\IAP491t_backups\Dataset\phishing\TREC_05.csv,524,8662,CSV field count does not match header; cannot safely infer missing fields
\\?\D:\HUB\IAP491-Phishing_Email_Detection\IAP491t_backups\Dataset\phishing\TREC_05.csv,525,8663,CSV field count does not match header; cannot safely infer missing fields
\\?\D:\HUB\IAP491-Phishing_Email_Detection\IAP491t_backups\Dataset\phishing\TREC_05.csv,526,8664,CSV field count does not match header; cannot safely infer missing fields
\\?\D:\HUB\IAP491-Phishing_Email_Detection\IAP491t_backups\Dataset\phishing\TREC_05.csv,527,8665,CSV field count does not match header; cannot safely infer missing fields
\\?\D:\HUB\IAP491-Phishing_Email_Detection\IAP491t_backups\Dataset\phishing\TREC_05.csv,528,8666,CSV field count does not match header; cannot safely infer missing fields
\\?\D:\HUB\IAP491-Phishing_Email_Detection\IAP491t_backups\Dataset\phishing\TREC_05.csv,529,8667,CSV field count does not match header; cannot safely infer missing fields
\\?\D:\HUB\IAP491-Phishing_Email_Detection\IAP491t_backups\Dataset\phishing\TREC_05.csv,530,8668,CSV field count does not match header; cannot safely infer missing fields
\\?\D:\HUB\IAP491-Phishing_Email_Detection\IAP491t_backups\Dataset\phishing\TREC_05.csv,531,8669,CSV field count does not match header; cannot safely infer missing fields
\\?\D:\HUB\IAP491-Phishing_Email_Detection\IAP491t_backups\Dataset\phishing\TREC_05.csv,532,8670,CSV field count does not match header; cannot safely infer missing fields
\\?\D:\HUB\IAP491-Phishing_Email_Detection\IAP491t_backups\Dataset\phishing\TREC_05.csv,533,8671,CSV field count does not match header; cannot safely infer missing fields
\\?\D:\HUB\IAP491-Phishing_Email_Detection\IAP491t_backups\Dataset\phishing\TREC_05.csv,534,8672,CSV field count does not match header; cannot safely infer missing fields
\\?\D:\HUB\IAP491-Phishing_Email_Detection\IAP491t_backups\Dataset\phishing\TREC_05.csv,535,8673,CSV field count does not match header; cannot safely infer missing fields
\\?\D:\HUB\IAP491-Phishing_Email_Detection\IAP491t_backups\Dataset\phishing\TREC_05.csv,764,12273,CSV field count does not match header; cannot safely infer missing fields
\\?\D:\HUB\IAP491-Phishing_Email_Detection\IAP491t_backups\Dataset\phishing\TREC_05.csv,765,12274,CSV field count does not match header; cannot safely infer missing fields
\\?\D:\HUB\IAP491-Phishing_Email_Detection\IAP491t_backups\Dataset\phishing\TREC_05.csv,766,12275,CSV field count does not match header; cannot safely infer missing fields
\\?\D:\HUB\IAP491-Phishing_Email_Detection\IAP491t_backups\Dataset\phishing\TREC_05.csv,767,12276,CSV field count does not match header; cannot safely infer missing fields
\\?\D:\HUB\IAP491-Phishing_Email_Detection\IAP491t_backups\Dataset\phishing\TREC_05.csv,769,12278,CSV field count does not match header; cannot safely infer missing fields
\\?\D:\HUB\IAP491-Phishing_Email_Detection\IAP491t_backups\Dataset\phishing\TREC_05.csv,770,12279,CSV field count does not match header; cannot safely infer missing fields
\\?\D:\HUB\IAP491-Phishing_Email_Detection\IAP491t_backups\Dataset\phishing\TREC_05.csv,771,12280,CSV field count does not match header; cannot safely infer missing fields
\\?\D:\HUB\IAP491-Phishing_Email_Detection\IAP491t_backups\Dataset\phishing\TREC_05.csv,772,12281,CSV field count does not match header; cannot safely infer missing fields
\\?\D:\HUB\IAP491-Phishing_Email_Detection\IAP491t_backups\Dataset\phishing\TREC_05.csv,1792,32734,CSV field count does not match header; cannot safely infer missing fields
\\?\D:\HUB\IAP491-Phishing_Email_Detection\IAP491t_backups\Dataset\phishing\TREC_05.csv,1793,32735,CSV field count does not match header; cannot safely infer missing fields
\\?\D:\HUB\IAP491-Phishing_Email_Detection\IAP491t_backups\Dataset\phishing\TREC_05.csv,2710,49958,CSV field count does not match header; cannot safely infer missing fields
\\?\D:\HUB\IAP491-Phishing_Email_Detection\IAP491t_backups\Dataset\phishing\TREC_05.csv,2711,49959,CSV field count does not match header; cannot safely infer missing fields
\\?\D:\HUB\IAP491-Phishing_Email_Detection\IAP491t_backups\Dataset\phishing\TREC_05.csv,2788,51124,CSV field count does not match header; cannot safely infer missing fields
\\?\D:\HUB\IAP491-Phishing_Email_Detection\IAP491t_backups\Dataset\phishing\TREC_05.csv,2789,51125,CSV field count does not match header; cannot safely infer missing fields
\\?\D:\HUB\IAP491-Phishing_Email_Detection\IAP491t_backups\Dataset\phishing\TREC_05.csv,3430,63971,CSV field count does not match header; cannot safely infer missing fields
\\?\D:\HUB\IAP491-Phishing_Email_Detection\IAP491t_backups\Dataset\phishing\TREC_05.csv,3431,63972,CSV field count does not match header; cannot safely infer missing fields
\\?\D:\HUB\IAP491-Phishing_Email_Detection\IAP491t_backups\Dataset\phishing\TREC_05.csv,3432,63973,CSV field count does not match header; cannot safely infer missing fields
\\?\D:\HUB\IAP491-Phishing_Email_Detection\IAP491t_backups\Dataset\phishing\TREC_05.csv,3817,72792,CSV field count does not match header; cannot safely infer missing fields
\\?\D:\HUB\IAP491-Phishing_Email_Detection\IAP491t_backups\Dataset\phishing\TREC_05.csv,3818,72793,CSV field count does not match header; cannot safely infer missing fields
\\?\D:\HUB\IAP491-Phishing_Email_Detection\IAP491t_backups\Dataset\phishing\TREC_05.csv,4825,99254,CSV field count does not match header; cannot safely infer missing fields
\\?\D:\HUB\IAP491-Phishing_Email_Detection\IAP491t_backups\Dataset\phishing\TREC_05.csv,4826,99255,CSV field count does not match header; cannot safely infer missing fields
\\?\D:\HUB\IAP491-Phishing_Email_Detection\IAP491t_backups\Dataset\phishing\TREC_05.csv,4978,103413,CSV field count does not match header; cannot safely infer missing fields
\\?\D:\HUB\IAP491-Phishing_Email_Detection\IAP491t_backups\Dataset\phishing\TREC_05.csv,4979,103414,CSV field count does not match header; cannot safely infer missing fields
\\?\D:\HUB\IAP491-Phishing_Email_Detection\IAP491t_backups\Dataset\phishing\TREC_05.csv,5046,104495,CSV field count does not match header; cannot safely infer missing fields
\\?\D:\HUB\IAP491-Phishing_Email_Detection\IAP491t_backups\Dataset\phishing\TREC_05.csv,5047,104496,CSV field count does not match header; cannot safely infer missing fields
\\?\D:\HUB\IAP491-Phishing_Email_Detection\IAP491t_backups\Dataset\phishing\TREC_05.csv,5051,104527,CSV field count does not match header; cannot safely infer missing fields
\\?\D:\HUB\IAP491-Phishing_Email_Detection\IAP491t_backups\Dataset\phishing\TREC_05.csv,5052,104528,CSV field count does not match header; cannot safely infer missing fields
\\?\D:\HUB\IAP491-Phishing_Email_Detection\IAP491t_backups\Dataset\phishing\TREC_05.csv,5053,104529,CSV field count does not match header; cannot safely infer missing fields
\\?\D:\HUB\IAP491-Phishing_Email_Detection\IAP491t_backups\Dataset\phishing\TREC_05.csv,5054,104530,CSV field count does not match header; cannot safely infer missing fields
\\?\D:\HUB\IAP491-Phishing_Email_Detection\IAP491t_backups\Dataset\phishing\TREC_05.csv,5055,104531,CSV field count does not match header; cannot safely infer missing fields
\\?\D:\HUB\IAP491-Phishing_Email_Detection\IAP491t_backups\Dataset\phishing\TREC_05.csv,5056,104532,CSV field count does not match header; cannot safely infer missing fields
\\?\D:\HUB\IAP491-Phishing_Email_Detection\IAP491t_backups\Dataset\phishing\TREC_05.csv,5057,104533,CSV field count does not match header; cannot safely infer missing fields
\\?\D:\HUB\IAP491-Phishing_Email_Detection\IAP491t_backups\Dataset\phishing\TREC_05.csv,5058,104534,CSV field count does not match header; cannot safely infer missing fields
\\?\D:\HUB\IAP491-Phishing_Email_Detection\IAP491t_backups\Dataset\phishing\TREC_05.csv,5059,104535,CSV field count does not match header; cannot safely infer missing fields
\\?\D:\HUB\IAP491-Phishing_Email_Detection\IAP491t_backups\Dataset\phishing\TREC_05.csv,5060,104536,CSV field count does not match header; cannot safely infer missing fields
\\?\D:\HUB\IAP491-Phishing_Email_Detection\IAP491t_backups\Dataset\phishing\TREC_05.csv,5061,104537,CSV field count does not match header; cannot safely infer missing fields
\\?\D:\HUB\IAP491-Phishing_Email_Detection\IAP491t_backups\Dataset\phishing\TREC_05.csv,5062,104538,CSV field count does not match header; cannot safely infer missing fields
\\?\D:\HUB\IAP491-Phishing_Email_Detection\IAP491t_backups\Dataset\phishing\TREC_05.csv,5063,104539,CSV field count does not match header; cannot safely infer missing fields
\\?\D:\HUB\IAP491-Phishing_Email_Detection\IAP491t_backups\Dataset\phishing\TREC_05.csv,5064,104540,CSV field count does not match header; cannot safely infer missing fields
\\?\D:\HUB\IAP491-Phishing_Email_Detection\IAP491t_backups\Dataset\phishing\TREC_05.csv,5065,104541,CSV field count does not match header; cannot safely infer missing fields
\\?\D:\HUB\IAP491-Phishing_Email_Detection\IAP491t_backups\Dataset\phishing\TREC_05.csv,5066,104542,CSV field count does not match header; cannot safely infer missing fields
\\?\D:\HUB\IAP491-Phishing_Email_Detection\IAP491t_backups\Dataset\phishing\TREC_05.csv,5067,104543,CSV field count does not match header; cannot safely infer missing fields
\\?\D:\HUB\IAP491-Phishing_Email_Detection\IAP491t_backups\Dataset\phishing\TREC_05.csv,5068,104544,CSV field count does not match header; cannot safely infer missing fields
\\?\D:\HUB\IAP491-Phishing_Email_Detection\IAP491t_backups\Dataset\phishing\TREC_05.csv,5069,104545,CSV field count does not match header; cannot safely infer missing fields
\\?\D:\HUB\IAP491-Phishing_Email_Detection\IAP491t_backups\Dataset\phishing\TREC_05.csv,5070,104546,CSV field count does not match header; cannot safely infer missing fields
\\?\D:\HUB\IAP491-Phishing_Email_Detection\IAP491t_backups\Dataset\phishing\TREC_05.csv,5161,106198,CSV field count does not match header; cannot safely infer missing fields
\\?\D:\HUB\IAP491-Phishing_Email_Detection\IAP491t_backups\Dataset\phishing\TREC_05.csv,5162,106199,CSV field count does not match header; cannot safely infer missing fields
\\?\D:\HUB\IAP491-Phishing_Email_Detection\IAP491t_backups\Dataset\phishing\TREC_05.csv,5202,106969,CSV field count does not match header; cannot safely infer missing fields
\\?\D:\HUB\IAP491-Phishing_Email_Detection\IAP491t_backups\Dataset\phishing\TREC_05.csv,5203,106970,CSV field count does not match header; cannot safely infer missing fields
\\?\D:\HUB\IAP491-Phishing_Email_Detection\IAP491t_backups\Dataset\phishing\TREC_05.csv,5204,106971,CSV field count does not match header; cannot safely infer missing fields
\\?\D:\HUB\IAP491-Phishing_Email_Detection\IAP491t_backups\Dataset\phishing\TREC_05.csv,5205,106972,CSV field count does not match header; cannot safely infer missing fields
\\?\D:\HUB\IAP491-Phishing_Email_Detection\IAP491t_backups\Dataset\phishing\TREC_05.csv,5206,106973,CSV field count does not match header; cannot safely infer missing fields
\\?\D:\HUB\IAP491-Phishing_Email_Detection\IAP491t_backups\Dataset\phishing\TREC_05.csv,5207,106974,CSV field count does not match header; cannot safely infer missing fields
\\?\D:\HUB\IAP491-Phishing_Email_Detection\IAP491t_backups\Dataset\phishing\TREC_05.csv,5208,106975,CSV field count does not match header; cannot safely infer missing fields
\\?\D:\HUB\IAP491-Phishing_Email_Detection\IAP491t_backups\Dataset\phishing\TREC_05.csv,5400,110327,CSV field count does not match header; cannot safely infer missing fields
\\?\D:\HUB\IAP491-Phishing_Email_Detection\IAP491t_backups\Dataset\phishing\TREC_05.csv,5401,110328,CSV field count does not match header; cannot safely infer missing fields
\\?\D:\HUB\IAP491-Phishing_Email_Detection\IAP491t_backups\Dataset\phishing\TREC_05.csv,5402,110329,CSV field count does not match header; cannot safely infer missing fields
\\?\D:\HUB\IAP491-Phishing_Email_Detection\IAP491t_backups\Dataset\phishing\TREC_05.csv,5403,110330,CSV field count does not match header; cannot safely infer missing fields
\\?\D:\HUB\IAP491-Phishing_Email_Detection\IAP491t_backups\Dataset\phishing\TREC_05.csv,5404,110331,CSV field count does not match header; cannot safely infer missing fields
\\?\D:\HUB\IAP491-Phishing_Email_Detection\IAP491t_backups\Dataset\phishing\TREC_05.csv,5405,110332,CSV field count does not match header; cannot safely infer missing fields
\\?\D:\HUB\IAP491-Phishing_Email_Detection\IAP491t_backups\Dataset\phishing\TREC_05.csv,5406,110333,CSV field count does not match header; cannot safely infer missing fields
\\?\D:\HUB\IAP491-Phishing_Email_Detection\IAP491t_backups\Dataset\phishing\TREC_05.csv,5407,110334,CSV field count does not match header; cannot safely infer missing fields
\\?\D:\HUB\IAP491-Phishing_Email_Detection\IAP491t_backups\Dataset\phishing\TREC_05.csv,5408,110335,CSV field count does not match header; cannot safely infer missing fields
\\?\D:\HUB\IAP491-Phishing_Email_Detection\IAP491t_backups\Dataset\phishing\TREC_05.csv,5409,110336,CSV field count does not match header; cannot safely infer missing fields
\\?\D:\HUB\IAP491-Phishing_Email_Detection\IAP491t_backups\Dataset\phishing\TREC_05.csv,5961,122031,CSV field count does not match header; cannot safely infer missing fields
\\?\D:\HUB\IAP491-Phishing_Email_Detection\IAP491t_backups\Dataset\phishing\TREC_05.csv,5962,122032,CSV field count does not match header; cannot safely infer missing fields
\\?\D:\HUB\IAP491-Phishing_Email_Detection\IAP491t_backups\Dataset\phishing\TREC_05.csv,5963,122033,CSV field count does not match header; cannot safely infer missing fields
\\?\D:\HUB\IAP491-Phishing_Email_Detection\IAP491t_backups\Dataset\phishing\TREC_05.csv,5964,122034,CSV field count does not match header; cannot safely infer missing fields
\\?\D:\HUB\IAP491-Phishing_Email_Detection\IAP491t_backups\Dataset\phishing\TREC_05.csv,6950,142994,CSV field count does not match header; cannot safely infer missing fields
\\?\D:\HUB\IAP491-Phishing_Email_Detection\IAP491t_backups\Dataset\phishing\TREC_05.csv,6951,142995,CSV field count does not match header; cannot safely infer missing fields
\\?\D:\HUB\IAP491-Phishing_Email_Detection\IAP491t_backups\Dataset\phishing\TREC_05.csv,6952,142996,CSV field count does not match header; cannot safely infer missing fields
\\?\D:\HUB\IAP491-Phishing_Email_Detection\IAP491t_backups\Dataset\phishing\TREC_05.csv,7677,162632,CSV field count does not match header; cannot safely infer missing fields
\\?\D:\HUB\IAP491-Phishing_Email_Detection\IAP491t_backups\Dataset\phishing\TREC_05.csv,7678,162633,CSV field count does not match header; cannot safely infer missing fields
\\?\D:\HUB\IAP491-Phishing_Email_Detection\IAP491t_backups\Dataset\phishing\TREC_05.csv,7701,162851,CSV field count does not match header; cannot safely infer missing fields
\\?\D:\HUB\IAP491-Phishing_Email_Detection\IAP491t_backups\Dataset\phishing\TREC_05.csv,7702,162852,CSV field count does not match header; cannot safely infer missing fields
\\?\D:\HUB\IAP491-Phishing_Email_Detection\IAP491t_backups\Dataset\phishing\TREC_05.csv,7703,162853,CSV field count does not match header; cannot safely infer missing fields
\\?\D:\HUB\IAP491-Phishing_Email_Detection\IAP491t_backups\Dataset\phishing\TREC_05.csv,7808,166790,CSV field count does not match header; cannot safely infer missing fields
\\?\D:\HUB\IAP491-Phishing_Email_Detection\IAP491t_backups\Dataset\phishing\TREC_05.csv,7809,166791,CSV field count does not match header; cannot safely infer missing fields
\\?\D:\HUB\IAP491-Phishing_Email_Detection\IAP491t_backups\Dataset\phishing\TREC_05.csv,7810,166792,CSV field count does not match header; cannot safely infer missing fields
\\?\D:\HUB\IAP491-Phishing_Email_Detection\IAP491t_backups\Dataset\phishing\TREC_05.csv,8042,172771,CSV field count does not match header; cannot safely infer missing fields
\\?\D:\HUB\IAP491-Phishing_Email_Detection\IAP491t_backups\Dataset\phishing\TREC_05.csv,8043,172772,CSV field count does not match header; cannot safely infer missing fields
\\?\D:\HUB\IAP491-Phishing_Email_Detection\IAP491t_backups\Dataset\phishing\TREC_05.csv,8148,174885,CSV field count does not match header; cannot safely infer missing fields
\\?\D:\HUB\IAP491-Phishing_Email_Detection\IAP491t_backups\Dataset\phishing\TREC_05.csv,8149,174886,CSV field count does not match header; cannot safely infer missing fields
\\?\D:\HUB\IAP491-Phishing_Email_Detection\IAP491t_backups\Dataset\phishing\TREC_05.csv,8150,174887,CSV field count does not match header; cannot safely infer missing fields
\\?\D:\HUB\IAP491-Phishing_Email_Detection\IAP491t_backups\Dataset\phishing\TREC_05.csv,8484,184064,CSV field count does not match header; cannot safely infer missing fields
\\?\D:\HUB\IAP491-Phishing_Email_Detection\IAP491t_backups\Dataset\phishing\TREC_05.csv,8485,184065,CSV field count does not match header; cannot safely infer missing fields
\\?\D:\HUB\IAP491-Phishing_Email_Detection\IAP491t_backups\Dataset\phishing\TREC_05.csv,8486,184066,CSV field count does not match header; cannot safely infer missing fields
\\?\D:\HUB\IAP491-Phishing_Email_Detection\IAP491t_backups\Dataset\phishing\TREC_05.csv,8487,184067,CSV field count does not match header; cannot safely infer missing fields
\\?\D:\HUB\IAP491-Phishing_Email_Detection\IAP491t_backups\Dataset\phishing\TREC_05.csv,8493,184205,CSV field count does not match header; cannot safely infer missing fields
\\?\D:\HUB\IAP491-Phishing_Email_Detection\IAP491t_backups\Dataset\phishing\TREC_05.csv,8494,184206,CSV field count does not match header; cannot safely infer missing fields
\\?\D:\HUB\IAP491-Phishing_Email_Detection\IAP491t_backups\Dataset\phishing\TREC_05.csv,8495,184207,CSV field count does not match header; cannot safely infer missing fields
\\?\D:\HUB\IAP491-Phishing_Email_Detection\IAP491t_backups\Dataset\phishing\TREC_05.csv,8496,184208,CSV field count does not match header; cannot safely infer missing fields
\\?\D:\HUB\IAP491-Phishing_Email_Detection\IAP491t_backups\Dataset\phishing\TREC_05.csv,8497,184209,CSV field count does not match header; cannot safely infer missing fields
\\?\D:\HUB\IAP491-Phishing_Email_Detection\IAP491t_backups\Dataset\phishing\TREC_05.csv,8498,184210,CSV field count does not match header; cannot safely infer missing fields
\\?\D:\HUB\IAP491-Phishing_Email_Detection\IAP491t_backups\Dataset\phishing\TREC_05.csv,8499,184211,CSV field count does not match header; cannot safely infer missing fields
\\?\D:\HUB\IAP491-Phishing_Email_Detection\IAP491t_backups\Dataset\phishing\TREC_05.csv,8500,184212,CSV field count does not match header; cannot safely infer missing fields
\\?\D:\HUB\IAP491-Phishing_Email_Detection\IAP491t_backups\Dataset\phishing\TREC_05.csv,8501,184213,CSV field count does not match header; cannot safely infer missing fields
\\?\D:\HUB\IAP491-Phishing_Email_Detection\IAP491t_backups\Dataset\phishing\TREC_05.csv,8502,184214,CSV field count does not match header; cannot safely infer missing fields
\\?\D:\HUB\IAP491-Phishing_Email_Detection\IAP491t_backups\Dataset\phishing\TREC_05.csv,8503,184215,CSV field count does not match header; cannot safely infer missing fields
\\?\D:\HUB\IAP491-Phishing_Email_Detection\IAP491t_backups\Dataset\phishing\TREC_05.csv,8504,184216,CSV field count does not match header; cannot safely infer missing fields
\\?\D:\HUB\IAP491-Phishing_Email_Detection\IAP491t_backups\Dataset\phishing\TREC_05.csv,8619,186413,CSV field count does not match header; cannot safely infer missing fields
\\?\D:\HUB\IAP491-Phishing_Email_Detection\IAP491t_backups\Dataset\phishing\TREC_05.csv,8620,186414,CSV field count does not match header; cannot safely infer missing fields
\\?\D:\HUB\IAP491-Phishing_Email_Detection\IAP491t_backups\Dataset\phishing\TREC_05.csv,8621,186415,CSV field count does not match header; cannot safely infer missing fields
\\?\D:\HUB\IAP491-Phishing_Email_Detection\IAP491t_backups\Dataset\phishing\TREC_05.csv,8677,186779,CSV field count does not match header; cannot safely infer missing fields
\\?\D:\HUB\IAP491-Phishing_Email_Detection\IAP491t_backups\Dataset\phishing\TREC_05.csv,8678,186780,CSV field count does not match header; cannot safely infer missing fields
\\?\D:\HUB\IAP491-Phishing_Email_Detection\IAP491t_backups\Dataset\phishing\TREC_05.csv,8679,186781,CSV field count does not match header; cannot safely infer missing fields
\\?\D:\HUB\IAP491-Phishing_Email_Detection\IAP491t_backups\Dataset\phishing\TREC_05.csv,9100,194080,CSV field count does not match header; cannot safely infer missing fields
\\?\D:\HUB\IAP491-Phishing_Email_Detection\IAP491t_backups\Dataset\phishing\TREC_05.csv,9101,194081,CSV field count does not match header; cannot safely infer missing fields
\\?\D:\HUB\IAP491-Phishing_Email_Detection\IAP491t_backups\Dataset\phishing\TREC_05.csv,9102,194082,CSV field count does not match header; cannot safely infer missing fields
\\?\D:\HUB\IAP491-Phishing_Email_Detection\IAP491t_backups\Dataset\phishing\TREC_05.csv,9103,194083,CSV field count does not match header; cannot safely infer missing fields
\\?\D:\HUB\IAP491-Phishing_Email_Detection\IAP491t_backups\Dataset\phishing\TREC_05.csv,9108,194286,CSV field count does not match header; cannot safely infer missing fields
\\?\D:\HUB\IAP491-Phishing_Email_Detection\IAP491t_backups\Dataset\phishing\TREC_05.csv,9109,194287,CSV field count does not match header; cannot safely infer missing fields
\\?\D:\HUB\IAP491-Phishing_Email_Detection\IAP491t_backups\Dataset\phishing\TREC_05.csv,9110,194288,CSV field count does not match header; cannot safely infer missing fields
\\?\D:\HUB\IAP491-Phishing_Email_Detection\IAP491t_backups\Dataset\phishing\TREC_05.csv,9352,198416,CSV field count does not match header; cannot safely infer missing fields
\\?\D:\HUB\IAP491-Phishing_Email_Detection\IAP491t_backups\Dataset\phishing\TREC_05.csv,9353,198417,CSV field count does not match header; cannot safely infer missing fields
\\?\D:\HUB\IAP491-Phishing_Email_Detection\IAP491t_backups\Dataset\phishing\TREC_05.csv,9354,198418,CSV field count does not match header; cannot safely infer missing fields
\\?\D:\HUB\IAP491-Phishing_Email_Detection\IAP491t_backups\Dataset\phishing\TREC_05.csv,9943,209856,CSV field count does not match header; cannot safely infer missing fields
\\?\D:\HUB\IAP491-Phishing_Email_Detection\IAP491t_backups\Dataset\phishing\TREC_05.csv,9944,209857,CSV field count does not match header; cannot safely infer missing fields
\\?\D:\HUB\IAP491-Phishing_Email_Detection\IAP491t_backups\Dataset\phishing\TREC_05.csv,9945,209858,CSV field count does not match header; cannot safely infer missing fields
\\?\D:\HUB\IAP491-Phishing_Email_Detection\IAP491t_backups\Dataset\phishing\TREC_05.csv,9946,209859,CSV field count does not match header; cannot safely infer missing fields
\\?\D:\HUB\IAP491-Phishing_Email_Detection\IAP491t_backups\Dataset\phishing\TREC_05.csv,9947,209860,CSV field count does not match header; cannot safely infer missing fields
\\?\D:\HUB\IAP491-Phishing_Email_Detection\IAP491t_backups\Dataset\phishing\TREC_05.csv,9948,209861,CSV field count does not match header; cannot safely infer missing fields
\\?\D:\HUB\IAP491-Phishing_Email_Detection\IAP491t_backups\Dataset\phishing\TREC_05.csv,10066,212809,CSV field count does not match header; cannot safely infer missing fields
\\?\D:\HUB\IAP491-Phishing_Email_Detection\IAP491t_backups\Dataset\phishing\TREC_05.csv,10067,212810,CSV field count does not match header; cannot safely infer missing fields
\\?\D:\HUB\IAP491-Phishing_Email_Detection\IAP491t_backups\Dataset\phishing\TREC_05.csv,10068,212811,CSV field count does not match header; cannot safely infer missing fields
\\?\D:\HUB\IAP491-Phishing_Email_Detection\IAP491t_backups\Dataset\phishing\TREC_05.csv,10099,213346,CSV field count does not match header; cannot safely infer missing fields
\\?\D:\HUB\IAP491-Phishing_Email_Detection\IAP491t_backups\Dataset\phishing\TREC_05.csv,10100,213347,CSV field count does not match header; cannot safely infer missing fields
\\?\D:\HUB\IAP491-Phishing_Email_Detection\IAP491t_backups\Dataset\phishing\TREC_05.csv,10101,213348,CSV field count does not match header; cannot safely infer missing fields
\\?\D:\HUB\IAP491-Phishing_Email_Detection\IAP491t_backups\Dataset\phishing\TREC_05.csv,10102,213349,CSV field count does not match header; cannot safely infer missing fields
\\?\D:\HUB\IAP491-Phishing_Email_Detection\IAP491t_backups\Dataset\phishing\TREC_05.csv,10113,213868,CSV field count does not match header; cannot safely infer missing fields
\\?\D:\HUB\IAP491-Phishing_Email_Detection\IAP491t_backups\Dataset\phishing\TREC_05.csv,10114,213869,CSV field count does not match header; cannot safely infer missing fields
\\?\D:\HUB\IAP491-Phishing_Email_Detection\IAP491t_backups\Dataset\phishing\TREC_05.csv,10115,213870,CSV field count does not match header; cannot safely infer missing fields
\\?\D:\HUB\IAP491-Phishing_Email_Detection\IAP491t_backups\Dataset\phishing\TREC_05.csv,10116,213871,CSV field count does not match header; cannot safely infer missing fields
\\?\D:\HUB\IAP491-Phishing_Email_Detection\IAP491t_backups\Dataset\phishing\TREC_05.csv,10117,213872,CSV field count does not match header; cannot safely infer missing fields
\\?\D:\HUB\IAP491-Phishing_Email_Detection\IAP491t_backups\Dataset\phishing\TREC_05.csv,10118,213873,CSV field count does not match header; cannot safely infer missing fields
\\?\D:\HUB\IAP491-Phishing_Email_Detection\IAP491t_backups\Dataset\phishing\TREC_05.csv,10119,213874,CSV field count does not match header; cannot safely infer missing fields
\\?\D:\HUB\IAP491-Phishing_Email_Detection\IAP491t_backups\Dataset\phishing\TREC_05.csv,10210,215522,CSV field count does not match header; cannot safely infer missing fields
\\?\D:\HUB\IAP491-Phishing_Email_Detection\IAP491t_backups\Dataset\phishing\TREC_05.csv,10211,215523,CSV field count does not match header; cannot safely infer missing fields
\\?\D:\HUB\IAP491-Phishing_Email_Detection\IAP491t_backups\Dataset\phishing\TREC_05.csv,10212,215524,CSV field count does not match header; cannot safely infer missing fields
\\?\D:\HUB\IAP491-Phishing_Email_Detection\IAP491t_backups\Dataset\phishing\TREC_05.csv,10213,215525,CSV field count does not match header; cannot safely infer missing fields
\\?\D:\HUB\IAP491-Phishing_Email_Detection\IAP491t_backups\Dataset\phishing\TREC_05.csv,10214,215526,CSV field count does not match header; cannot safely infer missing fields
\\?\D:\HUB\IAP491-Phishing_Email_Detection\IAP491t_backups\Dataset\phishing\TREC_05.csv,10368,218513,CSV field count does not match header; cannot safely infer missing fields
\\?\D:\HUB\IAP491-Phishing_Email_Detection\IAP491t_backups\Dataset\phishing\TREC_05.csv,10369,218514,CSV field count does not match header; cannot safely infer missing fields
\\?\D:\HUB\IAP491-Phishing_Email_Detection\IAP491t_backups\Dataset\phishing\TREC_05.csv,10370,218515,CSV field count does not match header; cannot safely infer missing fields
\\?\D:\HUB\IAP491-Phishing_Email_Detection\IAP491t_backups\Dataset\phishing\TREC_05.csv,10371,218516,CSV field count does not match header; cannot safely infer missing fields
\\?\D:\HUB\IAP491-Phishing_Email_Detection\IAP491t_backups\Dataset\phishing\TREC_05.csv,10372,218517,CSV field count does not match header; cannot safely infer missing fields
\\?\D:\HUB\IAP491-Phishing_Email_Detection\IAP491t_backups\Dataset\phishing\TREC_05.csv,10373,218518,CSV field count does not match header; cannot safely infer missing fields
\\?\D:\HUB\IAP491-Phishing_Email_Detection\IAP491t_backups\Dataset\phishing\TREC_05.csv,10582,222226,CSV field count does not match header; cannot safely infer missing fields
\\?\D:\HUB\IAP491-Phishing_Email_Detection\IAP491t_backups\Dataset\phishing\TREC_05.csv,10583,222227,CSV field count does not match header; cannot safely infer missing fields
\\?\D:\HUB\IAP491-Phishing_Email_Detection\IAP491t_backups\Dataset\phishing\TREC_05.csv,10584,222228,CSV field count does not match header; cannot safely infer missing fields
\\?\D:\HUB\IAP491-Phishing_Email_Detection\IAP491t_backups\Dataset\phishing\TREC_05.csv,10585,222229,CSV field count does not match header; cannot safely infer missing fields
\\?\D:\HUB\IAP491-Phishing_Email_Detection\IAP491t_backups\Dataset\phishing\TREC_05.csv,10586,222230,CSV field count does not match header; cannot safely infer missing fields
\\?\D:\HUB\IAP491-Phishing_Email_Detection\IAP491t_backups\Dataset\phishing\TREC_05.csv,10587,222231,CSV field count does not match header; cannot safely infer missing fields
\\?\D:\HUB\IAP491-Phishing_Email_Detection\IAP491t_backups\Dataset\phishing\TREC_05.csv,11739,250841,CSV field count does not match header; cannot safely infer missing fields
\\?\D:\HUB\IAP491-Phishing_Email_Detection\IAP491t_backups\Dataset\phishing\TREC_05.csv,11740,250842,CSV field count does not match header; cannot safely infer missing fields
\\?\D:\HUB\IAP491-Phishing_Email_Detection\IAP491t_backups\Dataset\phishing\TREC_05.csv,11741,250843,CSV field count does not match header; cannot safely infer missing fields
\\?\D:\HUB\IAP491-Phishing_Email_Detection\IAP491t_backups\Dataset\phishing\TREC_05.csv,11764,251987,CSV field count does not match header; cannot safely infer missing fields
\\?\D:\HUB\IAP491-Phishing_Email_Detection\IAP491t_backups\Dataset\phishing\TREC_05.csv,11765,251988,CSV field count does not match header; cannot safely infer missing fields
\\?\D:\HUB\IAP491-Phishing_Email_Detection\IAP491t_backups\Dataset\phishing\TREC_05.csv,11766,251989,CSV field count does not match header; cannot safely infer missing fields
\\?\D:\HUB\IAP491-Phishing_Email_Detection\IAP491t_backups\Dataset\phishing\TREC_05.csv,11767,251990,CSV field count does not match header; cannot safely infer missing fields
\\?\D:\HUB\IAP491-Phishing_Email_Detection\IAP491t_backups\Dataset\phishing\TREC_05.csv,11768,251991,CSV field count does not match header; cannot safely infer missing fields
\\?\D:\HUB\IAP491-Phishing_Email_Detection\IAP491t_backups\Dataset\phishing\TREC_05.csv,11769,251992,CSV field count does not match header; cannot safely infer missing fields
\\?\D:\HUB\IAP491-Phishing_Email_Detection\IAP491t_backups\Dataset\phishing\TREC_05.csv,11770,251993,CSV field count does not match header; cannot safely infer missing fields
\\?\D:\HUB\IAP491-Phishing_Email_Detection\IAP491t_backups\Dataset\phishing\TREC_05.csv,11771,251994,CSV field count does not match header; cannot safely infer missing fields
\\?\D:\HUB\IAP491-Phishing_Email_Detection\IAP491t_backups\Dataset\phishing\TREC_05.csv,11772,251995,CSV field count does not match header; cannot safely infer missing fields
\\?\D:\HUB\IAP491-Phishing_Email_Detection\IAP491t_backups\Dataset\phishing\TREC_05.csv,11773,251996,CSV field count does not match header; cannot safely infer missing fields
\\?\D:\HUB\IAP491-Phishing_Email_Detection\IAP491t_backups\Dataset\phishing\TREC_05.csv,11774,251997,CSV field count does not match header; cannot safely infer missing fields
\\?\D:\HUB\IAP491-Phishing_Email_Detection\IAP491t_backups\Dataset\phishing\TREC_05.csv,11775,251998,CSV field count does not match header; cannot safely infer missing fields
\\?\D:\HUB\IAP491-Phishing_Email_Detection\IAP491t_backups\Dataset\phishing\TREC_05.csv,12096,260086,CSV field count does not match header; cannot safely infer missing fields
\\?\D:\HUB\IAP491-Phishing_Email_Detection\IAP491t_backups\Dataset\phishing\TREC_05.csv,12097,260087,CSV field count does not match header; cannot safely infer missing fields
\\?\D:\HUB\IAP491-Phishing_Email_Detection\IAP491t_backups\Dataset\phishing\TREC_05.csv,12098,260088,CSV field count does not match header; cannot safely infer missing fields
\\?\D:\HUB\IAP491-Phishing_Email_Detection\IAP491t_backups\Dataset\phishing\TREC_05.csv,12215,262981,CSV field count does not match header; cannot safely infer missing fields
\\?\D:\HUB\IAP491-Phishing_Email_Detection\IAP491t_backups\Dataset\phishing\TREC_05.csv,12216,262982,CSV field count does not match header; cannot safely infer missing fields
\\?\D:\HUB\IAP491-Phishing_Email_Detection\IAP491t_backups\Dataset\phishing\TREC_05.csv,12217,262983,CSV field count does not match header; cannot safely infer missing fields
\\?\D:\HUB\IAP491-Phishing_Email_Detection\IAP491t_backups\Dataset\phishing\TREC_05.csv,12218,262984,CSV field count does not match header; cannot safely infer missing fields
\\?\D:\HUB\IAP491-Phishing_Email_Detection\IAP491t_backups\Dataset\phishing\TREC_05.csv,12460,269368,CSV field count does not match header; cannot safely infer missing fields
\\?\D:\HUB\IAP491-Phishing_Email_Detection\IAP491t_backups\Dataset\phishing\TREC_05.csv,12461,269369,CSV field count does not match header; cannot safely infer missing fields
\\?\D:\HUB\IAP491-Phishing_Email_Detection\IAP491t_backups\Dataset\phishing\TREC_05.csv,12462,269370,CSV field count does not match header; cannot safely infer missing fields
\\?\D:\HUB\IAP491-Phishing_Email_Detection\IAP491t_backups\Dataset\phishing\TREC_05.csv,13261,290952,CSV field count does not match header; cannot safely infer missing fields
\\?\D:\HUB\IAP491-Phishing_Email_Detection\IAP491t_backups\Dataset\phishing\TREC_05.csv,13262,290953,CSV field count does not match header; cannot safely infer missing fields
\\?\D:\HUB\IAP491-Phishing_Email_Detection\IAP491t_backups\Dataset\phishing\TREC_05.csv,13263,290954,CSV field count does not match header; cannot safely infer missing fields
\\?\D:\HUB\IAP491-Phishing_Email_Detection\IAP491t_backups\Dataset\phishing\TREC_05.csv,13676,299816,CSV field count does not match header; cannot safely infer missing fields
\\?\D:\HUB\IAP491-Phishing_Email_Detection\IAP491t_backups\Dataset\phishing\TREC_05.csv,13677,299817,CSV field count does not match header; cannot safely infer missing fields
\\?\D:\HUB\IAP491-Phishing_Email_Detection\IAP491t_backups\Dataset\phishing\TREC_05.csv,13678,299818,CSV field count does not match header; cannot safely infer missing fields
\\?\D:\HUB\IAP491-Phishing_Email_Detection\IAP491t_backups\Dataset\phishing\TREC_05.csv,16799,383817,CSV field count does not match header; cannot safely infer missing fields
\\?\D:\HUB\IAP491-Phishing_Email_Detection\IAP491t_backups\Dataset\phishing\TREC_05.csv,16800,383818,CSV field count does not match header; cannot safely infer missing fields
\\?\D:\HUB\IAP491-Phishing_Email_Detection\IAP491t_backups\Dataset\phishing\TREC_05.csv,16801,383819,CSV field count does not match header; cannot safely infer missing fields
\\?\D:\HUB\IAP491-Phishing_Email_Detection\IAP491t_backups\Dataset\phishing\TREC_05.csv,16833,385374,CSV field count does not match header; cannot safely infer missing fields
\\?\D:\HUB\IAP491-Phishing_Email_Detection\IAP491t_backups\Dataset\phishing\TREC_05.csv,16834,385375,CSV field count does not match header; cannot safely infer missing fields
\\?\D:\HUB\IAP491-Phishing_Email_Detection\IAP491t_backups\Dataset\phishing\TREC_05.csv,16835,385376,CSV field count does not match header; cannot safely infer missing fields
\\?\D:\HUB\IAP491-Phishing_Email_Detection\IAP491t_backups\Dataset\phishing\TREC_05.csv,16836,385377,CSV field count does not match header; cannot safely infer missing fields
\\?\D:\HUB\IAP491-Phishing_Email_Detection\IAP491t_backups\Dataset\phishing\TREC_05.csv,17557,403281,CSV field count does not match header; cannot safely infer missing fields
\\?\D:\HUB\IAP491-Phishing_Email_Detection\IAP491t_backups\Dataset\phishing\TREC_05.csv,17558,403282,CSV field count does not match header; cannot safely infer missing fields
\\?\D:\HUB\IAP491-Phishing_Email_Detection\IAP491t_backups\Dataset\phishing\TREC_05.csv,17559,403283,CSV field count does not match header; cannot safely infer missing fields
\\?\D:\HUB\IAP491-Phishing_Email_Detection\IAP491t_backups\Dataset\phishing\TREC_05.csv,17560,403284,CSV field count does not match header; cannot safely infer missing fields
\\?\D:\HUB\IAP491-Phishing_Email_Detection\IAP491t_backups\Dataset\phishing\TREC_05.csv,18583,430055,CSV field count does not match header; cannot safely infer missing fields
\\?\D:\HUB\IAP491-Phishing_Email_Detection\IAP491t_backups\Dataset\phishing\TREC_05.csv,18584,430056,CSV field count does not match header; cannot safely infer missing fields
\\?\D:\HUB\IAP491-Phishing_Email_Detection\IAP491t_backups\Dataset\phishing\TREC_05.csv,18585,430057,CSV field count does not match header; cannot safely infer missing fields
\\?\D:\HUB\IAP491-Phishing_Email_Detection\IAP491t_backups\Dataset\phishing\TREC_05.csv,20528,484470,CSV field count does not match header; cannot safely infer missing fields
\\?\D:\HUB\IAP491-Phishing_Email_Detection\IAP491t_backups\Dataset\phishing\TREC_05.csv,20529,484471,CSV field count does not match header; cannot safely infer missing fields
\\?\D:\HUB\IAP491-Phishing_Email_Detection\IAP491t_backups\Dataset\phishing\TREC_05.csv,20530,484472,CSV field count does not match header; cannot safely infer missing fields
\\?\D:\HUB\IAP491-Phishing_Email_Detection\IAP491t_backups\Dataset\phishing\TREC_05.csv,20531,484473,CSV field count does not match header; cannot safely infer missing fields
\\?\D:\HUB\IAP491-Phishing_Email_Detection\IAP491t_backups\Dataset\phishing\TREC_05.csv,20532,484474,CSV field count does not match header; cannot safely infer missing fields
\\?\D:\HUB\IAP491-Phishing_Email_Detection\IAP491t_backups\Dataset\phishing\TREC_05.csv,20533,484475,CSV field count does not match header; cannot safely infer missing fields
\\?\D:\HUB\IAP491-Phishing_Email_Detection\IAP491t_backups\Dataset\phishing\TREC_05.csv,20534,484476,CSV field count does not match header; cannot safely infer missing fields
\\?\D:\HUB\IAP491-Phishing_Email_Detection\IAP491t_backups\Dataset\phishing\TREC_05.csv,20535,484477,CSV field count does not match header; cannot safely infer missing fields
\\?\D:\HUB\IAP491-Phishing_Email_Detection\IAP491t_backups\Dataset\phishing\TREC_05.csv,20536,484478,CSV field count does not match header; cannot safely infer missing fields
\\?\D:\HUB\IAP491-Phishing_Email_Detection\IAP491t_backups\Dataset\phishing\TREC_05.csv,20537,484479,CSV field count does not match header; cannot safely infer missing fields
\\?\D:\HUB\IAP491-Phishing_Email_Detection\IAP491t_backups\Dataset\phishing\TREC_05.csv,22986,550365,CSV field count does not match header; cannot safely infer missing fields
\\?\D:\HUB\IAP491-Phishing_Email_Detection\IAP491t_backups\Dataset\phishing\TREC_05.csv,22987,550366,CSV field count does not match header; cannot safely infer missing fields
\\?\D:\HUB\IAP491-Phishing_Email_Detection\IAP491t_backups\Dataset\phishing\TREC_05.csv,22988,550367,CSV field count does not match header; cannot safely infer missing fields
\\?\D:\HUB\IAP491-Phishing_Email_Detection\IAP491t_backups\Dataset\phishing\TREC_05.csv,23042,551786,CSV field count does not match header; cannot safely infer missing fields
\\?\D:\HUB\IAP491-Phishing_Email_Detection\IAP491t_backups\Dataset\phishing\TREC_05.csv,23043,551787,CSV field count does not match header; cannot safely infer missing fields
\\?\D:\HUB\IAP491-Phishing_Email_Detection\IAP491t_backups\Dataset\phishing\TREC_05.csv,23044,551788,CSV field count does not match header; cannot safely infer missing fields
\\?\D:\HUB\IAP491-Phishing_Email_Detection\IAP491t_backups\Dataset\phishing\TREC_05.csv,23045,551789,CSV field count does not match header; cannot safely infer missing fields
\\?\D:\HUB\IAP491-Phishing_Email_Detection\IAP491t_backups\Dataset\phishing\TREC_05.csv,23119,553991,CSV field count does not match header; cannot safely infer missing fields
\\?\D:\HUB\IAP491-Phishing_Email_Detection\IAP491t_backups\Dataset\phishing\TREC_05.csv,23120,553992,CSV field count does not match header; cannot safely infer missing fields
\\?\D:\HUB\IAP491-Phishing_Email_Detection\IAP491t_backups\Dataset\phishing\TREC_05.csv,23543,563555,CSV field count does not match header; cannot safely infer missing fields
\\?\D:\HUB\IAP491-Phishing_Email_Detection\IAP491t_backups\Dataset\phishing\TREC_05.csv,23544,563556,CSV field count does not match header; cannot safely infer missing fields
\\?\D:\HUB\IAP491-Phishing_Email_Detection\IAP491t_backups\Dataset\phishing\TREC_05.csv,23545,563557,CSV field count does not match header; cannot safely infer missing fields
\\?\D:\HUB\IAP491-Phishing_Email_Detection\IAP491t_backups\Dataset\phishing\TREC_05.csv,23546,563558,CSV field count does not match header; cannot safely infer missing fields
\\?\D:\HUB\IAP491-Phishing_Email_Detection\IAP491t_backups\Dataset\phishing\TREC_05.csv,23547,563559,CSV field count does not match header; cannot safely infer missing fields
\\?\D:\HUB\IAP491-Phishing_Email_Detection\IAP491t_backups\Dataset\phishing\TREC_05.csv,23548,563560,CSV field count does not match header; cannot safely infer missing fields
\\?\D:\HUB\IAP491-Phishing_Email_Detection\IAP491t_backups\Dataset\phishing\TREC_05.csv,23549,563561,CSV field count does not match header; cannot safely infer missing fields
\\?\D:\HUB\IAP491-Phishing_Email_Detection\IAP491t_backups\Dataset\phishing\TREC_05.csv,23550,563562,CSV field count does not match header; cannot safely infer missing fields
\\?\D:\HUB\IAP491-Phishing_Email_Detection\IAP491t_backups\Dataset\phishing\TREC_05.csv,23551,563563,CSV field count does not match header; cannot safely infer missing fields
\\?\D:\HUB\IAP491-Phishing_Email_Detection\IAP491t_backups\Dataset\phishing\TREC_05.csv,23552,563564,CSV field count does not match header; cannot safely infer missing fields
\\?\D:\HUB\IAP491-Phishing_Email_Detection\IAP491t_backups\Dataset\phishing\TREC_05.csv,23553,563565,CSV field count does not match header; cannot safely infer missing fields
\\?\D:\HUB\IAP491-Phishing_Email_Detection\IAP491t_backups\Dataset\phishing\TREC_05.csv,26784,652958,CSV field count does not match header; cannot safely infer missing fields
\\?\D:\HUB\IAP491-Phishing_Email_Detection\IAP491t_backups\Dataset\phishing\TREC_05.csv,26785,652959,CSV field count does not match header; cannot safely infer missing fields
\\?\D:\HUB\IAP491-Phishing_Email_Detection\IAP491t_backups\Dataset\phishing\TREC_05.csv,26786,652960,CSV field count does not match header; cannot safely infer missing fields
\\?\D:\HUB\IAP491-Phishing_Email_Detection\IAP491t_backups\Dataset\phishing\TREC_05.csv,26814,653545,CSV field count does not match header; cannot safely infer missing fields
\\?\D:\HUB\IAP491-Phishing_Email_Detection\IAP491t_backups\Dataset\phishing\TREC_05.csv,26815,653546,CSV field count does not match header; cannot safely infer missing fields
\\?\D:\HUB\IAP491-Phishing_Email_Detection\IAP491t_backups\Dataset\phishing\TREC_05.csv,27758,683741,CSV field count does not match header; cannot safely infer missing fields
\\?\D:\HUB\IAP491-Phishing_Email_Detection\IAP491t_backups\Dataset\phishing\TREC_05.csv,27759,683742,CSV field count does not match header; cannot safely infer missing fields
\\?\D:\HUB\IAP491-Phishing_Email_Detection\IAP491t_backups\Dataset\phishing\TREC_05.csv,27760,683743,CSV field count does not match header; cannot safely infer missing fields
\\?\D:\HUB\IAP491-Phishing_Email_Detection\IAP491t_backups\Dataset\phishing\TREC_05.csv,28476,704922,CSV field count does not match header; cannot safely infer missing fields
\\?\D:\HUB\IAP491-Phishing_Email_Detection\IAP491t_backups\Dataset\phishing\TREC_05.csv,28477,704923,CSV field count does not match header; cannot safely infer missing fields
\\?\D:\HUB\IAP491-Phishing_Email_Detection\IAP491t_backups\Dataset\phishing\TREC_05.csv,28478,704924,CSV field count does not match header; cannot safely infer missing fields
\\?\D:\HUB\IAP491-Phishing_Email_Detection\IAP491t_backups\Dataset\phishing\TREC_05.csv,28479,704925,CSV field count does not match header; cannot safely infer missing fields
\\?\D:\HUB\IAP491-Phishing_Email_Detection\IAP491t_backups\Dataset\phishing\TREC_05.csv,28480,704926,CSV field count does not match header; cannot safely infer missing fields
\\?\D:\HUB\IAP491-Phishing_Email_Detection\IAP491t_backups\Dataset\phishing\TREC_05.csv,28481,704927,CSV field count does not match header; cannot safely infer missing fields
\\?\D:\HUB\IAP491-Phishing_Email_Detection\IAP491t_backups\Dataset\phishing\TREC_05.csv,28482,704928,CSV field count does not match header; cannot safely infer missing fields
\\?\D:\HUB\IAP491-Phishing_Email_Detection\IAP491t_backups\Dataset\phishing\TREC_05.csv,28483,704929,CSV field count does not match header; cannot safely infer missing fields
\\?\D:\HUB\IAP491-Phishing_Email_Detection\IAP491t_backups\Dataset\phishing\TREC_05.csv,28484,704930,CSV field count does not match header; cannot safely infer missing fields
\\?\D:\HUB\IAP491-Phishing_Email_Detection\IAP491t_backups\Dataset\phishing\TREC_05.csv,28485,704931,CSV field count does not match header; cannot safely infer missing fields
\\?\D:\HUB\IAP491-Phishing_Email_Detection\IAP491t_backups\Dataset\phishing\TREC_05.csv,28486,704932,CSV field count does not match header; cannot safely infer missing fields
\\?\D:\HUB\IAP491-Phishing_Email_Detection\IAP491t_backups\Dataset\phishing\TREC_05.csv,28487,704933,CSV field count does not match header; cannot safely infer missing fields
\\?\D:\HUB\IAP491-Phishing_Email_Detection\IAP491t_backups\Dataset\phishing\TREC_05.csv,28488,704934,CSV field count does not match header; cannot safely infer missing fields
\\?\D:\HUB\IAP491-Phishing_Email_Detection\IAP491t_backups\Dataset\phishing\TREC_05.csv,28489,704935,CSV field count does not match header; cannot safely infer missing fields
\\?\D:\HUB\IAP491-Phishing_Email_Detection\IAP491t_backups\Dataset\phishing\TREC_05.csv,28490,704936,CSV field count does not match header; cannot safely infer missing fields
\\?\D:\HUB\IAP491-Phishing_Email_Detection\IAP491t_backups\Dataset\phishing\TREC_05.csv,28491,704937,CSV field count does not match header; cannot safely infer missing fields
\\?\D:\HUB\IAP491-Phishing_Email_Detection\IAP491t_backups\Dataset\phishing\TREC_05.csv,28492,704938,CSV field count does not match header; cannot safely infer missing fields
\\?\D:\HUB\IAP491-Phishing_Email_Detection\IAP491t_backups\Dataset\phishing\TREC_05.csv,28493,704939,CSV field count does not match header; cannot safely infer missing fields
\\?\D:\HUB\IAP491-Phishing_Email_Detection\IAP491t_backups\Dataset\phishing\TREC_05.csv,28695,711609,CSV field count does not match header; cannot safely infer missing fields
\\?\D:\HUB\IAP491-Phishing_Email_Detection\IAP491t_backups\Dataset\phishing\TREC_05.csv,28696,711610,CSV field count does not match header; cannot safely infer missing fields
\\?\D:\HUB\IAP491-Phishing_Email_Detection\IAP491t_backups\Dataset\phishing\TREC_05.csv,28697,711611,CSV field count does not match header; cannot safely infer missing fields
\\?\D:\HUB\IAP491-Phishing_Email_Detection\IAP491t_backups\Dataset\phishing\TREC_05.csv,30926,784130,CSV field count does not match header; cannot safely infer missing fields
\\?\D:\HUB\IAP491-Phishing_Email_Detection\IAP491t_backups\Dataset\phishing\TREC_05.csv,30927,784131,CSV field count does not match header; cannot safely infer missing fields
\\?\D:\HUB\IAP491-Phishing_Email_Detection\IAP491t_backups\Dataset\phishing\TREC_05.csv,30928,784132,CSV field count does not match header; cannot safely infer missing fields
\\?\D:\HUB\IAP491-Phishing_Email_Detection\IAP491t_backups\Dataset\phishing\TREC_05.csv,31072,786357,CSV field count does not match header; cannot safely infer missing fields
\\?\D:\HUB\IAP491-Phishing_Email_Detection\IAP491t_backups\Dataset\phishing\TREC_05.csv,31073,786358,CSV field count does not match header; cannot safely infer missing fields
\\?\D:\HUB\IAP491-Phishing_Email_Detection\IAP491t_backups\Dataset\phishing\TREC_05.csv,31074,786359,CSV field count does not match header; cannot safely infer missing fields
\\?\D:\HUB\IAP491-Phishing_Email_Detection\IAP491t_backups\Dataset\phishing\TREC_05.csv,31075,786360,CSV field count does not match header; cannot safely infer missing fields
\\?\D:\HUB\IAP491-Phishing_Email_Detection\IAP491t_backups\Dataset\phishing\TREC_05.csv,32062,808390,CSV field count does not match header; cannot safely infer missing fields
\\?\D:\HUB\IAP491-Phishing_Email_Detection\IAP491t_backups\Dataset\phishing\TREC_05.csv,32063,808391,CSV field count does not match header; cannot safely infer missing fields
\\?\D:\HUB\IAP491-Phishing_Email_Detection\IAP491t_backups\Dataset\phishing\TREC_05.csv,32064,808392,CSV field count does not match header; cannot safely infer missing fields
\\?\D:\HUB\IAP491-Phishing_Email_Detection\IAP491t_backups\Dataset\phishing\TREC_05.csv,32065,808393,CSV field count does not match header; cannot safely infer missing fields
\\?\D:\HUB\IAP491-Phishing_Email_Detection\IAP491t_backups\Dataset\phishing\TREC_05.csv,32726,820633,CSV field count does not match header; cannot safely infer missing fields
\\?\D:\HUB\IAP491-Phishing_Email_Detection\IAP491t_backups\Dataset\phishing\TREC_05.csv,32727,820634,CSV field count does not match header; cannot safely infer missing fields
\\?\D:\HUB\IAP491-Phishing_Email_Detection\IAP491t_backups\Dataset\phishing\TREC_05.csv,32728,820635,CSV field count does not match header; cannot safely infer missing fields
\\?\D:\HUB\IAP491-Phishing_Email_Detection\IAP491t_backups\Dataset\phishing\TREC_05.csv,32729,820636,CSV field count does not match header; cannot safely infer missing fields
\\?\D:\HUB\IAP491-Phishing_Email_Detection\IAP491t_backups\Dataset\phishing\TREC_05.csv,32730,820637,CSV field count does not match header; cannot safely infer missing fields
\\?\D:\HUB\IAP491-Phishing_Email_Detection\IAP491t_backups\Dataset\phishing\TREC_05.csv,32731,820638,CSV field count does not match header; cannot safely infer missing fields
\\?\D:\HUB\IAP491-Phishing_Email_Detection\IAP491t_backups\Dataset\phishing\TREC_05.csv,32732,820639,CSV field count does not match header; cannot safely infer missing fields
\\?\D:\HUB\IAP491-Phishing_Email_Detection\IAP491t_backups\Dataset\phishing\TREC_05.csv,32765,821344,CSV field count does not match header; cannot safely infer missing fields
\\?\D:\HUB\IAP491-Phishing_Email_Detection\IAP491t_backups\Dataset\phishing\TREC_05.csv,32766,821345,CSV field count does not match header; cannot safely infer missing fields
\\?\D:\HUB\IAP491-Phishing_Email_Detection\IAP491t_backups\Dataset\phishing\TREC_05.csv,32767,821346,CSV field count does not match header; cannot safely infer missing fields
\\?\D:\HUB\IAP491-Phishing_Email_Detection\IAP491t_backups\Dataset\phishing\TREC_05.csv,32768,821347,CSV field count does not match header; cannot safely infer missing fields
\\?\D:\HUB\IAP491-Phishing_Email_Detection\IAP491t_backups\Dataset\phishing\TREC_05.csv,33414,833597,CSV field count does not match header; cannot safely infer missing fields
\\?\D:\HUB\IAP491-Phishing_Email_Detection\IAP491t_backups\Dataset\phishing\TREC_05.csv,33415,833598,CSV field count does not match header; cannot safely infer missing fields
\\?\D:\HUB\IAP491-Phishing_Email_Detection\IAP491t_backups\Dataset\phishing\TREC_05.csv,33416,833599,CSV field count does not match header; cannot safely infer missing fields
\\?\D:\HUB\IAP491-Phishing_Email_Detection\IAP491t_backups\Dataset\phishing\TREC_05.csv,33417,833600,CSV field count does not match header; cannot safely infer missing fields
\\?\D:\HUB\IAP491-Phishing_Email_Detection\IAP491t_backups\Dataset\phishing\TREC_05.csv,33418,833601,CSV field count does not match header; cannot safely infer missing fields
\\?\D:\HUB\IAP491-Phishing_Email_Detection\IAP491t_backups\Dataset\phishing\TREC_05.csv,33419,833602,CSV field count does not match header; cannot safely infer missing fields
\\?\D:\HUB\IAP491-Phishing_Email_Detection\IAP491t_backups\Dataset\phishing\TREC_05.csv,34068,848365,CSV field count does not match header; cannot safely infer missing fields
\\?\D:\HUB\IAP491-Phishing_Email_Detection\IAP491t_backups\Dataset\phishing\TREC_05.csv,34069,848366,CSV field count does not match header; cannot safely infer missing fields
\\?\D:\HUB\IAP491-Phishing_Email_Detection\IAP491t_backups\Dataset\phishing\TREC_05.csv,34070,848367,CSV field count does not match header; cannot safely infer missing fields
\\?\D:\HUB\IAP491-Phishing_Email_Detection\IAP491t_backups\Dataset\phishing\TREC_05.csv,34255,852821,CSV field count does not match header; cannot safely infer missing fields
\\?\D:\HUB\IAP491-Phishing_Email_Detection\IAP491t_backups\Dataset\phishing\TREC_05.csv,34256,852822,CSV field count does not match header; cannot safely infer missing fields
\\?\D:\HUB\IAP491-Phishing_Email_Detection\IAP491t_backups\Dataset\phishing\TREC_05.csv,34997,868557,CSV field count does not match header; cannot safely infer missing fields
\\?\D:\HUB\IAP491-Phishing_Email_Detection\IAP491t_backups\Dataset\phishing\TREC_05.csv,34998,868558,CSV field count does not match header; cannot safely infer missing fields
\\?\D:\HUB\IAP491-Phishing_Email_Detection\IAP491t_backups\Dataset\phishing\TREC_05.csv,34999,868559,CSV field count does not match header; cannot safely infer missing fields
\\?\D:\HUB\IAP491-Phishing_Email_Detection\IAP491t_backups\Dataset\phishing\TREC_05.csv,35000,868560,CSV field count does not match header; cannot safely infer missing fields
\\?\D:\HUB\IAP491-Phishing_Email_Detection\IAP491t_backups\Dataset\phishing\TREC_05.csv,35001,868561,CSV field count does not match header; cannot safely infer missing fields
\\?\D:\HUB\IAP491-Phishing_Email_Detection\IAP491t_backups\Dataset\phishing\TREC_05.csv,35002,868562,CSV field count does not match header; cannot safely infer missing fields
\\?\D:\HUB\IAP491-Phishing_Email_Detection\IAP491t_backups\Dataset\phishing\TREC_05.csv,35003,868563,CSV field count does not match header; cannot safely infer missing fields
\\?\D:\HUB\IAP491-Phishing_Email_Detection\IAP491t_backups\Dataset\phishing\TREC_05.csv,35641,887257,CSV field count does not match header; cannot safely infer missing fields
\\?\D:\HUB\IAP491-Phishing_Email_Detection\IAP491t_backups\Dataset\phishing\TREC_05.csv,35642,887258,CSV field count does not match header; cannot safely infer missing fields
\\?\D:\HUB\IAP491-Phishing_Email_Detection\IAP491t_backups\Dataset\phishing\TREC_05.csv,35643,887259,CSV field count does not match header; cannot safely infer missing fields
\\?\D:\HUB\IAP491-Phishing_Email_Detection\IAP491t_backups\Dataset\phishing\TREC_05.csv,35644,887260,CSV field count does not match header; cannot safely infer missing fields
\\?\D:\HUB\IAP491-Phishing_Email_Detection\IAP491t_backups\Dataset\phishing\TREC_05.csv,35645,887261,CSV field count does not match header; cannot safely infer missing fields
\\?\D:\HUB\IAP491-Phishing_Email_Detection\IAP491t_backups\Dataset\phishing\TREC_05.csv,35646,887262,CSV field count does not match header; cannot safely infer missing fields
\\?\D:\HUB\IAP491-Phishing_Email_Detection\IAP491t_backups\Dataset\phishing\TREC_05.csv,35647,887263,CSV field count does not match header; cannot safely infer missing fields
\\?\D:\HUB\IAP491-Phishing_Email_Detection\IAP491t_backups\Dataset\phishing\TREC_05.csv,35648,887264,CSV field count does not match header; cannot safely infer missing fields
\\?\D:\HUB\IAP491-Phishing_Email_Detection\IAP491t_backups\Dataset\phishing\TREC_05.csv,35649,887265,CSV field count does not match header; cannot safely infer missing fields
\\?\D:\HUB\IAP491-Phishing_Email_Detection\IAP491t_backups\Dataset\phishing\TREC_05.csv,36024,898779,CSV field count does not match header; cannot safely infer missing fields
\\?\D:\HUB\IAP491-Phishing_Email_Detection\IAP491t_backups\Dataset\phishing\TREC_05.csv,36025,898780,CSV field count does not match header; cannot safely infer missing fields
\\?\D:\HUB\IAP491-Phishing_Email_Detection\IAP491t_backups\Dataset\phishing\TREC_05.csv,36027,898838,CSV field count does not match header; cannot safely infer missing fields
\\?\D:\HUB\IAP491-Phishing_Email_Detection\IAP491t_backups\Dataset\phishing\TREC_05.csv,36028,898839,CSV field count does not match header; cannot safely infer missing fields
\\?\D:\HUB\IAP491-Phishing_Email_Detection\IAP491t_backups\Dataset\phishing\TREC_05.csv,36029,898840,CSV field count does not match header; cannot safely infer missing fields
\\?\D:\HUB\IAP491-Phishing_Email_Detection\IAP491t_backups\Dataset\phishing\TREC_05.csv,36032,898843,CSV field count does not match header; cannot safely infer missing fields
\\?\D:\HUB\IAP491-Phishing_Email_Detection\IAP491t_backups\Dataset\phishing\TREC_05.csv,36033,898844,CSV field count does not match header; cannot safely infer missing fields
\\?\D:\HUB\IAP491-Phishing_Email_Detection\IAP491t_backups\Dataset\phishing\TREC_05.csv,36034,898845,CSV field count does not match header; cannot safely infer missing fields
\\?\D:\HUB\IAP491-Phishing_Email_Detection\IAP491t_backups\Dataset\phishing\TREC_05.csv,36271,906854,CSV field count does not match header; cannot safely infer missing fields
\\?\D:\HUB\IAP491-Phishing_Email_Detection\IAP491t_backups\Dataset\phishing\TREC_05.csv,36272,906855,CSV field count does not match header; cannot safely infer missing fields
\\?\D:\HUB\IAP491-Phishing_Email_Detection\IAP491t_backups\Dataset\phishing\TREC_05.csv,36273,906856,CSV field count does not match header; cannot safely infer missing fields
\\?\D:\HUB\IAP491-Phishing_Email_Detection\IAP491t_backups\Dataset\phishing\TREC_05.csv,36280,907221,CSV field count does not match header; cannot safely infer missing fields
\\?\D:\HUB\IAP491-Phishing_Email_Detection\IAP491t_backups\Dataset\phishing\TREC_05.csv,36281,907222,CSV field count does not match header; cannot safely infer missing fields
\\?\D:\HUB\IAP491-Phishing_Email_Detection\IAP491t_backups\Dataset\phishing\TREC_05.csv,36282,907223,CSV field count does not match header; cannot safely infer missing fields
\\?\D:\HUB\IAP491-Phishing_Email_Detection\IAP491t_backups\Dataset\phishing\TREC_05.csv,36469,911454,CSV field count does not match header; cannot safely infer missing fields
\\?\D:\HUB\IAP491-Phishing_Email_Detection\IAP491t_backups\Dataset\phishing\TREC_05.csv,36470,911455,CSV field count does not match header; cannot safely infer missing fields
\\?\D:\HUB\IAP491-Phishing_Email_Detection\IAP491t_backups\Dataset\phishing\TREC_05.csv,36471,911456,CSV field count does not match header; cannot safely infer missing fields
\\?\D:\HUB\IAP491-Phishing_Email_Detection\IAP491t_backups\Dataset\phishing\TREC_05.csv,36472,911457,CSV field count does not match header; cannot safely infer missing fields
\\?\D:\HUB\IAP491-Phishing_Email_Detection\IAP491t_backups\Dataset\phishing\TREC_05.csv,36473,911458,CSV field count does not match header; cannot safely infer missing fields
\\?\D:\HUB\IAP491-Phishing_Email_Detection\IAP491t_backups\Dataset\phishing\TREC_05.csv,36474,911459,CSV field count does not match header; cannot safely infer missing fields
\\?\D:\HUB\IAP491-Phishing_Email_Detection\IAP491t_backups\Dataset\phishing\TREC_05.csv,36475,911460,CSV field count does not match header; cannot safely infer missing fields
\\?\D:\HUB\IAP491-Phishing_Email_Detection\IAP491t_backups\Dataset\phishing\TREC_05.csv,36476,911461,CSV field count does not match header; cannot safely infer missing fields
\\?\D:\HUB\IAP491-Phishing_Email_Detection\IAP491t_backups\Dataset\phishing\TREC_05.csv,36477,911462,CSV field count does not match header; cannot safely infer missing fields
\\?\D:\HUB\IAP491-Phishing_Email_Detection\IAP491t_backups\Dataset\phishing\TREC_05.csv,36478,911463,CSV field count does not match header; cannot safely infer missing fields
\\?\D:\HUB\IAP491-Phishing_Email_Detection\IAP491t_backups\Dataset\phishing\TREC_05.csv,36479,911464,CSV field count does not match header; cannot safely infer missing fields
\\?\D:\HUB\IAP491-Phishing_Email_Detection\IAP491t_backups\Dataset\phishing\TREC_05.csv,36480,911465,CSV field count does not match header; cannot safely infer missing fields
\\?\D:\HUB\IAP491-Phishing_Email_Detection\IAP491t_backups\Dataset\phishing\TREC_05.csv,36481,911466,CSV field count does not match header; cannot safely infer missing fields
\\?\D:\HUB\IAP491-Phishing_Email_Detection\IAP491t_backups\Dataset\phishing\TREC_05.csv,36482,911467,CSV field count does not match header; cannot safely infer missing fields
\\?\D:\HUB\IAP491-Phishing_Email_Detection\IAP491t_backups\Dataset\phishing\TREC_05.csv,36483,911468,CSV field count does not match header; cannot safely infer missing fields
\\?\D:\HUB\IAP491-Phishing_Email_Detection\IAP491t_backups\Dataset\phishing\TREC_05.csv,36484,911469,CSV field count does not match header; cannot safely infer missing fields
\\?\D:\HUB\IAP491-Phishing_Email_Detection\IAP491t_backups\Dataset\phishing\TREC_05.csv,36485,911470,CSV field count does not match header; cannot safely infer missing fields
\\?\D:\HUB\IAP491-Phishing_Email_Detection\IAP491t_backups\Dataset\phishing\TREC_05.csv,36486,911471,CSV field count does not match header; cannot safely infer missing fields
\\?\D:\HUB\IAP491-Phishing_Email_Detection\IAP491t_backups\Dataset\phishing\TREC_05.csv,36487,911472,CSV field count does not match header; cannot safely infer missing fields
\\?\D:\HUB\IAP491-Phishing_Email_Detection\IAP491t_backups\Dataset\phishing\TREC_05.csv,36488,911473,CSV field count does not match header; cannot safely infer missing fields
\\?\D:\HUB\IAP491-Phishing_Email_Detection\IAP491t_backups\Dataset\phishing\TREC_05.csv,36489,911474,CSV field count does not match header; cannot safely infer missing fields
\\?\D:\HUB\IAP491-Phishing_Email_Detection\IAP491t_backups\Dataset\phishing\TREC_05.csv,36490,911475,CSV field count does not match header; cannot safely infer missing fields
\\?\D:\HUB\IAP491-Phishing_Email_Detection\IAP491t_backups\Dataset\phishing\TREC_05.csv,36655,915598,CSV field count does not match header; cannot safely infer missing fields
\\?\D:\HUB\IAP491-Phishing_Email_Detection\IAP491t_backups\Dataset\phishing\TREC_05.csv,36656,915599,CSV field count does not match header; cannot safely infer missing fields
\\?\D:\HUB\IAP491-Phishing_Email_Detection\IAP491t_backups\Dataset\phishing\TREC_05.csv,36657,915600,CSV field count does not match header; cannot safely infer missing fields
\\?\D:\HUB\IAP491-Phishing_Email_Detection\IAP491t_backups\Dataset\phishing\TREC_05.csv,37718,944598,CSV field count does not match header; cannot safely infer missing fields
\\?\D:\HUB\IAP491-Phishing_Email_Detection\IAP491t_backups\Dataset\phishing\TREC_05.csv,37719,944599,CSV field count does not match header; cannot safely infer missing fields
\\?\D:\HUB\IAP491-Phishing_Email_Detection\IAP491t_backups\Dataset\phishing\TREC_05.csv,37720,944600,CSV field count does not match header; cannot safely infer missing fields
\\?\D:\HUB\IAP491-Phishing_Email_Detection\IAP491t_backups\Dataset\phishing\TREC_05.csv,37721,944601,CSV field count does not match header; cannot safely infer missing fields
\\?\D:\HUB\IAP491-Phishing_Email_Detection\IAP491t_backups\Dataset\phishing\TREC_05.csv,37722,944602,CSV field count does not match header; cannot safely infer missing fields
\\?\D:\HUB\IAP491-Phishing_Email_Detection\IAP491t_backups\Dataset\phishing\TREC_05.csv,38348,958617,CSV field count does not match header; cannot safely infer missing fields
\\?\D:\HUB\IAP491-Phishing_Email_Detection\IAP491t_backups\Dataset\phishing\TREC_05.csv,38349,958618,CSV field count does not match header; cannot safely infer missing fields
\\?\D:\HUB\IAP491-Phishing_Email_Detection\IAP491t_backups\Dataset\phishing\TREC_05.csv,38350,958619,CSV field count does not match header; cannot safely infer missing fields
\\?\D:\HUB\IAP491-Phishing_Email_Detection\IAP491t_backups\Dataset\phishing\TREC_05.csv,38351,958620,CSV field count does not match header; cannot safely infer missing fields
\\?\D:\HUB\IAP491-Phishing_Email_Detection\IAP491t_backups\Dataset\phishing\TREC_05.csv,38352,958621,CSV field count does not match header; cannot safely infer missing fields
\\?\D:\HUB\IAP491-Phishing_Email_Detection\IAP491t_backups\Dataset\phishing\TREC_05.csv,38353,958622,CSV field count does not match header; cannot safely infer missing fields
\\?\D:\HUB\IAP491-Phishing_Email_Detection\IAP491t_backups\Dataset\phishing\TREC_05.csv,38354,958623,CSV field count does not match header; cannot safely infer missing fields
\\?\D:\HUB\IAP491-Phishing_Email_Detection\IAP491t_backups\Dataset\phishing\TREC_05.csv,39424,987260,CSV field count does not match header; cannot safely infer missing fields
\\?\D:\HUB\IAP491-Phishing_Email_Detection\IAP491t_backups\Dataset\phishing\TREC_05.csv,39425,987261,CSV field count does not match header; cannot safely infer missing fields
\\?\D:\HUB\IAP491-Phishing_Email_Detection\IAP491t_backups\Dataset\phishing\TREC_05.csv,39426,987262,CSV field count does not match header; cannot safely infer missing fields
\\?\D:\HUB\IAP491-Phishing_Email_Detection\IAP491t_backups\Dataset\phishing\TREC_05.csv,41367,1037951,CSV field count does not match header; cannot safely infer missing fields
\\?\D:\HUB\IAP491-Phishing_Email_Detection\IAP491t_backups\Dataset\phishing\TREC_05.csv,41368,1037952,CSV field count does not match header; cannot safely infer missing fields
\\?\D:\HUB\IAP491-Phishing_Email_Detection\IAP491t_backups\Dataset\phishing\TREC_05.csv,41369,1037953,CSV field count does not match header; cannot safely infer missing fields
\\?\D:\HUB\IAP491-Phishing_Email_Detection\IAP491t_backups\Dataset\phishing\TREC_05.csv,42410,1060436,CSV field count does not match header; cannot safely infer missing fields
\\?\D:\HUB\IAP491-Phishing_Email_Detection\IAP491t_backups\Dataset\phishing\TREC_05.csv,42411,1060437,CSV field count does not match header; cannot safely infer missing fields
\\?\D:\HUB\IAP491-Phishing_Email_Detection\IAP491t_backups\Dataset\phishing\TREC_05.csv,42412,1060438,CSV field count does not match header; cannot safely infer missing fields
\\?\D:\HUB\IAP491-Phishing_Email_Detection\IAP491t_backups\Dataset\phishing\TREC_05.csv,42413,1060439,CSV field count does not match header; cannot safely infer missing fields
\\?\D:\HUB\IAP491-Phishing_Email_Detection\IAP491t_backups\Dataset\phishing\TREC_05.csv,42414,1060440,CSV field count does not match header; cannot safely infer missing fields
\\?\D:\HUB\IAP491-Phishing_Email_Detection\IAP491t_backups\Dataset\phishing\TREC_05.csv,42415,1060441,CSV field count does not match header; cannot safely infer missing fields
\\?\D:\HUB\IAP491-Phishing_Email_Detection\IAP491t_backups\Dataset\phishing\TREC_05.csv,42416,1060442,CSV field count does not match header; cannot safely infer missing fields
\\?\D:\HUB\IAP491-Phishing_Email_Detection\IAP491t_backups\Dataset\phishing\TREC_05.csv,43856,1096200,CSV field count does not match header; cannot safely infer missing fields
\\?\D:\HUB\IAP491-Phishing_Email_Detection\IAP491t_backups\Dataset\phishing\TREC_05.csv,43857,1096201,CSV field count does not match header; cannot safely infer missing fields
\\?\D:\HUB\IAP491-Phishing_Email_Detection\IAP491t_backups\Dataset\phishing\TREC_05.csv,43858,1096202,CSV field count does not match header; cannot safely infer missing fields
\\?\D:\HUB\IAP491-Phishing_Email_Detection\IAP491t_backups\Dataset\phishing\TREC_05.csv,44074,1100704,CSV field count does not match header; cannot safely infer missing fields
\\?\D:\HUB\IAP491-Phishing_Email_Detection\IAP491t_backups\Dataset\phishing\TREC_05.csv,44075,1100705,CSV field count does not match header; cannot safely infer missing fields
\\?\D:\HUB\IAP491-Phishing_Email_Detection\IAP491t_backups\Dataset\phishing\TREC_05.csv,44076,1100706,CSV field count does not match header; cannot safely infer missing fields
\\?\D:\HUB\IAP491-Phishing_Email_Detection\IAP491t_backups\Dataset\phishing\TREC_05.csv,44077,1100707,CSV field count does not match header; cannot safely infer missing fields
\\?\D:\HUB\IAP491-Phishing_Email_Detection\IAP491t_backups\Dataset\phishing\TREC_05.csv,44078,1100708,CSV field count does not match header; cannot safely infer missing fields
\\?\D:\HUB\IAP491-Phishing_Email_Detection\IAP491t_backups\Dataset\phishing\TREC_05.csv,44079,1100709,CSV field count does not match header; cannot safely infer missing fields
\\?\D:\HUB\IAP491-Phishing_Email_Detection\IAP491t_backups\Dataset\phishing\TREC_05.csv,44080,1100710,CSV field count does not match header; cannot safely infer missing fields
\\?\D:\HUB\IAP491-Phishing_Email_Detection\IAP491t_backups\Dataset\phishing\TREC_05.csv,44081,1100711,CSV field count does not match header; cannot safely infer missing fields
\\?\D:\HUB\IAP491-Phishing_Email_Detection\IAP491t_backups\Dataset\phishing\TREC_05.csv,44082,1100712,CSV field count does not match header; cannot safely infer missing fields
\\?\D:\HUB\IAP491-Phishing_Email_Detection\IAP491t_backups\Dataset\phishing\TREC_05.csv,44083,1100713,CSV field count does not match header; cannot safely infer missing fields
\\?\D:\HUB\IAP491-Phishing_Email_Detection\IAP491t_backups\Dataset\phishing\TREC_05.csv,44084,1100714,CSV field count does not match header; cannot safely infer missing fields
\\?\D:\HUB\IAP491-Phishing_Email_Detection\IAP491t_backups\Dataset\phishing\TREC_05.csv,44085,1100715,CSV field count does not match header; cannot safely infer missing fields
\\?\D:\HUB\IAP491-Phishing_Email_Detection\IAP491t_backups\Dataset\phishing\TREC_05.csv,44120,1102057,CSV field count does not match header; cannot safely infer missing fields
\\?\D:\HUB\IAP491-Phishing_Email_Detection\IAP491t_backups\Dataset\phishing\TREC_05.csv,44121,1102058,CSV field count does not match header; cannot safely infer missing fields
\\?\D:\HUB\IAP491-Phishing_Email_Detection\IAP491t_backups\Dataset\phishing\TREC_05.csv,44122,1102059,CSV field count does not match header; cannot safely infer missing fields
\\?\D:\HUB\IAP491-Phishing_Email_Detection\IAP491t_backups\Dataset\phishing\TREC_05.csv,44263,1104829,CSV field count does not match header; cannot safely infer missing fields
\\?\D:\HUB\IAP491-Phishing_Email_Detection\IAP491t_backups\Dataset\phishing\TREC_05.csv,44264,1104830,CSV field count does not match header; cannot safely infer missing fields
\\?\D:\HUB\IAP491-Phishing_Email_Detection\IAP491t_backups\Dataset\phishing\TREC_05.csv,44265,1104831,CSV field count does not match header; cannot safely infer missing fields
\\?\D:\HUB\IAP491-Phishing_Email_Detection\IAP491t_backups\Dataset\phishing\TREC_05.csv,44266,1104832,CSV field count does not match header; cannot safely infer missing fields
\\?\D:\HUB\IAP491-Phishing_Email_Detection\IAP491t_backups\Dataset\phishing\TREC_05.csv,44267,1104833,CSV field count does not match header; cannot safely infer missing fields
\\?\D:\HUB\IAP491-Phishing_Email_Detection\IAP491t_backups\Dataset\phishing\TREC_05.csv,44268,1104834,CSV field count does not match header; cannot safely infer missing fields
\\?\D:\HUB\IAP491-Phishing_Email_Detection\IAP491t_backups\Dataset\phishing\TREC_05.csv,44269,1104835,CSV field count does not match header; cannot safely infer missing fields
\\?\D:\HUB\IAP491-Phishing_Email_Detection\IAP491t_backups\Dataset\phishing\TREC_05.csv,44270,1104836,CSV field count does not match header; cannot safely infer missing fields
\\?\D:\HUB\IAP491-Phishing_Email_Detection\IAP491t_backups\Dataset\phishing\TREC_05.csv,44271,1104837,CSV field count does not match header; cannot safely infer missing fields
\\?\D:\HUB\IAP491-Phishing_Email_Detection\IAP491t_backups\Dataset\phishing\TREC_05.csv,44272,1104838,CSV field count does not match header; cannot safely infer missing fields
\\?\D:\HUB\IAP491-Phishing_Email_Detection\IAP491t_backups\Dataset\phishing\TREC_05.csv,44273,1104839,CSV field count does not match header; cannot safely infer missing fields
\\?\D:\HUB\IAP491-Phishing_Email_Detection\IAP491t_backups\Dataset\phishing\TREC_05.csv,44274,1104840,CSV field count does not match header; cannot safely infer missing fields
\\?\D:\HUB\IAP491-Phishing_Email_Detection\IAP491t_backups\Dataset\phishing\TREC_05.csv,44275,1104841,CSV field count does not match header; cannot safely infer missing fields
\\?\D:\HUB\IAP491-Phishing_Email_Detection\IAP491t_backups\Dataset\phishing\TREC_05.csv,44276,1104842,CSV field count does not match header; cannot safely infer missing fields
\\?\D:\HUB\IAP491-Phishing_Email_Detection\IAP491t_backups\Dataset\phishing\TREC_05.csv,44277,1104843,CSV field count does not match header; cannot safely infer missing fields
\\?\D:\HUB\IAP491-Phishing_Email_Detection\IAP491t_backups\Dataset\phishing\TREC_05.csv,44278,1104844,CSV field count does not match header; cannot safely infer missing fields
\\?\D:\HUB\IAP491-Phishing_Email_Detection\IAP491t_backups\Dataset\phishing\TREC_05.csv,44279,1104845,CSV field count does not match header; cannot safely infer missing fields
\\?\D:\HUB\IAP491-Phishing_Email_Detection\IAP491t_backups\Dataset\phishing\TREC_05.csv,44877,1118748,CSV field count does not match header; cannot safely infer missing fields
\\?\D:\HUB\IAP491-Phishing_Email_Detection\IAP491t_backups\Dataset\phishing\TREC_05.csv,44878,1118749,CSV field count does not match header; cannot safely infer missing fields
\\?\D:\HUB\IAP491-Phishing_Email_Detection\IAP491t_backups\Dataset\phishing\TREC_05.csv,44879,1118750,CSV field count does not match header; cannot safely infer missing fields
\\?\D:\HUB\IAP491-Phishing_Email_Detection\IAP491t_backups\Dataset\phishing\TREC_05.csv,44914,1119265,CSV field count does not match header; cannot safely infer missing fields
\\?\D:\HUB\IAP491-Phishing_Email_Detection\IAP491t_backups\Dataset\phishing\TREC_05.csv,44915,1119266,CSV field count does not match header; cannot safely infer missing fields
\\?\D:\HUB\IAP491-Phishing_Email_Detection\IAP491t_backups\Dataset\phishing\TREC_05.csv,44916,1119267,CSV field count does not match header; cannot safely infer missing fields
\\?\D:\HUB\IAP491-Phishing_Email_Detection\IAP491t_backups\Dataset\phishing\TREC_05.csv,44922,1119372,CSV field count does not match header; cannot safely infer missing fields
\\?\D:\HUB\IAP491-Phishing_Email_Detection\IAP491t_backups\Dataset\phishing\TREC_05.csv,44923,1119373,CSV field count does not match header; cannot safely infer missing fields
\\?\D:\HUB\IAP491-Phishing_Email_Detection\IAP491t_backups\Dataset\phishing\TREC_05.csv,44924,1119374,CSV field count does not match header; cannot safely infer missing fields
\\?\D:\HUB\IAP491-Phishing_Email_Detection\IAP491t_backups\Dataset\phishing\TREC_05.csv,44925,1119375,CSV field count does not match header; cannot safely infer missing fields
\\?\D:\HUB\IAP491-Phishing_Email_Detection\IAP491t_backups\Dataset\phishing\TREC_05.csv,44926,1119376,CSV field count does not match header; cannot safely infer missing fields
\\?\D:\HUB\IAP491-Phishing_Email_Detection\IAP491t_backups\Dataset\phishing\TREC_05.csv,44927,1119377,CSV field count does not match header; cannot safely infer missing fields
\\?\D:\HUB\IAP491-Phishing_Email_Detection\IAP491t_backups\Dataset\phishing\TREC_05.csv,44928,1119378,CSV field count does not match header; cannot safely infer missing fields
\\?\D:\HUB\IAP491-Phishing_Email_Detection\IAP491t_backups\Dataset\phishing\TREC_05.csv,44929,1119379,CSV field count does not match header; cannot safely infer missing fields
\\?\D:\HUB\IAP491-Phishing_Email_Detection\IAP491t_backups\Dataset\phishing\TREC_05.csv,44930,1119380,CSV field count does not match header; cannot safely infer missing fields
\\?\D:\HUB\IAP491-Phishing_Email_Detection\IAP491t_backups\Dataset\phishing\TREC_05.csv,44931,1119381,CSV field count does not match header; cannot safely infer missing fields
\\?\D:\HUB\IAP491-Phishing_Email_Detection\IAP491t_backups\Dataset\phishing\TREC_05.csv,44932,1119382,CSV field count does not match header; cannot safely infer missing fields
\\?\D:\HUB\IAP491-Phishing_Email_Detection\IAP491t_backups\Dataset\phishing\TREC_05.csv,44988,1120859,CSV field count does not match header; cannot safely infer missing fields
\\?\D:\HUB\IAP491-Phishing_Email_Detection\IAP491t_backups\Dataset\phishing\TREC_05.csv,44989,1120860,CSV field count does not match header; cannot safely infer missing fields
\\?\D:\HUB\IAP491-Phishing_Email_Detection\IAP491t_backups\Dataset\phishing\TREC_05.csv,44990,1120861,CSV field count does not match header; cannot safely infer missing fields
\\?\D:\HUB\IAP491-Phishing_Email_Detection\IAP491t_backups\Dataset\phishing\TREC_05.csv,44991,1120862,CSV field count does not match header; cannot safely infer missing fields
\\?\D:\HUB\IAP491-Phishing_Email_Detection\IAP491t_backups\Dataset\phishing\TREC_05.csv,44992,1120863,CSV field count does not match header; cannot safely infer missing fields
\\?\D:\HUB\IAP491-Phishing_Email_Detection\IAP491t_backups\Dataset\phishing\TREC_05.csv,44993,1120864,CSV field count does not match header; cannot safely infer missing fields
\\?\D:\HUB\IAP491-Phishing_Email_Detection\IAP491t_backups\Dataset\phishing\TREC_05.csv,44994,1120865,CSV field count does not match header; cannot safely infer missing fields
\\?\D:\HUB\IAP491-Phishing_Email_Detection\IAP491t_backups\Dataset\phishing\TREC_05.csv,44995,1120866,CSV field count does not match header; cannot safely infer missing fields
\\?\D:\HUB\IAP491-Phishing_Email_Detection\IAP491t_backups\Dataset\phishing\TREC_05.csv,44996,1120867,CSV field count does not match header; cannot safely infer missing fields
\\?\D:\HUB\IAP491-Phishing_Email_Detection\IAP491t_backups\Dataset\phishing\TREC_05.csv,44997,1120868,CSV field count does not match header; cannot safely infer missing fields
\\?\D:\HUB\IAP491-Phishing_Email_Detection\IAP491t_backups\Dataset\phishing\TREC_05.csv,44998,1120869,CSV field count does not match header; cannot safely infer missing fields
\\?\D:\HUB\IAP491-Phishing_Email_Detection\IAP491t_backups\Dataset\phishing\TREC_05.csv,44999,1120870,CSV field count does not match header; cannot safely infer missing fields
\\?\D:\HUB\IAP491-Phishing_Email_Detection\IAP491t_backups\Dataset\phishing\TREC_05.csv,45000,1120871,CSV field count does not match header; cannot safely infer missing fields
\\?\D:\HUB\IAP491-Phishing_Email_Detection\IAP491t_backups\Dataset\phishing\TREC_05.csv,45001,1120872,CSV field count does not match header; cannot safely infer missing fields
\\?\D:\HUB\IAP491-Phishing_Email_Detection\IAP491t_backups\Dataset\phishing\TREC_05.csv,45002,1120873,CSV field count does not match header; cannot safely infer missing fields
\\?\D:\HUB\IAP491-Phishing_Email_Detection\IAP491t_backups\Dataset\phishing\TREC_05.csv,45003,1120874,CSV field count does not match header; cannot safely infer missing fields
\\?\D:\HUB\IAP491-Phishing_Email_Detection\IAP491t_backups\Dataset\phishing\TREC_05.csv,45004,1120875,CSV field count does not match header; cannot safely infer missing fields
\\?\D:\HUB\IAP491-Phishing_Email_Detection\IAP491t_backups\Dataset\phishing\TREC_05.csv,45005,1120876,CSV field count does not match header; cannot safely infer missing fields
\\?\D:\HUB\IAP491-Phishing_Email_Detection\IAP491t_backups\Dataset\phishing\TREC_05.csv,45006,1120877,CSV field count does not match header; cannot safely infer missing fields
\\?\D:\HUB\IAP491-Phishing_Email_Detection\IAP491t_backups\Dataset\phishing\TREC_05.csv,45028,1121557,CSV field count does not match header; cannot safely infer missing fields
\\?\D:\HUB\IAP491-Phishing_Email_Detection\IAP491t_backups\Dataset\phishing\TREC_05.csv,45029,1121558,CSV field count does not match header; cannot safely infer missing fields
\\?\D:\HUB\IAP491-Phishing_Email_Detection\IAP491t_backups\Dataset\phishing\TREC_05.csv,45030,1121559,CSV field count does not match header; cannot safely infer missing fields
\\?\D:\HUB\IAP491-Phishing_Email_Detection\IAP491t_backups\Dataset\phishing\TREC_05.csv,45031,1121560,CSV field count does not match header; cannot safely infer missing fields
\\?\D:\HUB\IAP491-Phishing_Email_Detection\IAP491t_backups\Dataset\phishing\TREC_05.csv,45032,1121561,CSV field count does not match header; cannot safely infer missing fields
\\?\D:\HUB\IAP491-Phishing_Email_Detection\IAP491t_backups\Dataset\phishing\TREC_05.csv,45033,1121562,CSV field count does not match header; cannot safely infer missing fields
\\?\D:\HUB\IAP491-Phishing_Email_Detection\IAP491t_backups\Dataset\phishing\TREC_05.csv,45034,1121563,CSV field count does not match header; cannot safely infer missing fields
\\?\D:\HUB\IAP491-Phishing_Email_Detection\IAP491t_backups\Dataset\phishing\TREC_05.csv,45035,1121564,CSV field count does not match header; cannot safely infer missing fields
\\?\D:\HUB\IAP491-Phishing_Email_Detection\IAP491t_backups\Dataset\phishing\TREC_05.csv,45036,1121565,CSV field count does not match header; cannot safely infer missing fields
\\?\D:\HUB\IAP491-Phishing_Email_Detection\IAP491t_backups\Dataset\phishing\TREC_05.csv,45037,1121566,CSV field count does not match header; cannot safely infer missing fields
\\?\D:\HUB\IAP491-Phishing_Email_Detection\IAP491t_backups\Dataset\phishing\TREC_05.csv,45038,1121567,CSV field count does not match header; cannot safely infer missing fields
\\?\D:\HUB\IAP491-Phishing_Email_Detection\IAP491t_backups\Dataset\phishing\TREC_05.csv,45104,1123013,CSV field count does not match header; cannot safely infer missing fields
\\?\D:\HUB\IAP491-Phishing_Email_Detection\IAP491t_backups\Dataset\phishing\TREC_05.csv,45105,1123014,CSV field count does not match header; cannot safely infer missing fields
\\?\D:\HUB\IAP491-Phishing_Email_Detection\IAP491t_backups\Dataset\phishing\TREC_05.csv,45106,1123015,CSV field count does not match header; cannot safely infer missing fields
\\?\D:\HUB\IAP491-Phishing_Email_Detection\IAP491t_backups\Dataset\phishing\TREC_05.csv,45107,1123016,CSV field count does not match header; cannot safely infer missing fields
\\?\D:\HUB\IAP491-Phishing_Email_Detection\IAP491t_backups\Dataset\phishing\TREC_05.csv,45108,1123017,CSV field count does not match header; cannot safely infer missing fields
\\?\D:\HUB\IAP491-Phishing_Email_Detection\IAP491t_backups\Dataset\phishing\TREC_05.csv,45109,1123018,CSV field count does not match header; cannot safely infer missing fields
\\?\D:\HUB\IAP491-Phishing_Email_Detection\IAP491t_backups\Dataset\phishing\TREC_05.csv,45110,1123019,CSV field count does not match header; cannot safely infer missing fields
\\?\D:\HUB\IAP491-Phishing_Email_Detection\IAP491t_backups\Dataset\phishing\TREC_05.csv,45111,1123020,CSV field count does not match header; cannot safely infer missing fields
\\?\D:\HUB\IAP491-Phishing_Email_Detection\IAP491t_backups\Dataset\phishing\TREC_05.csv,45112,1123021,CSV field count does not match header; cannot safely infer missing fields
\\?\D:\HUB\IAP491-Phishing_Email_Detection\IAP491t_backups\Dataset\phishing\TREC_05.csv,45115,1123064,CSV field count does not match header; cannot safely infer missing fields
\\?\D:\HUB\IAP491-Phishing_Email_Detection\IAP491t_backups\Dataset\phishing\TREC_05.csv,45116,1123065,CSV field count does not match header; cannot safely infer missing fields
\\?\D:\HUB\IAP491-Phishing_Email_Detection\IAP491t_backups\Dataset\phishing\TREC_05.csv,45117,1123066,CSV field count does not match header; cannot safely infer missing fields
\\?\D:\HUB\IAP491-Phishing_Email_Detection\IAP491t_backups\Dataset\phishing\TREC_05.csv,45118,1123067,CSV field count does not match header; cannot safely infer missing fields
\\?\D:\HUB\IAP491-Phishing_Email_Detection\IAP491t_backups\Dataset\phishing\TREC_05.csv,45119,1123068,CSV field count does not match header; cannot safely infer missing fields
\\?\D:\HUB\IAP491-Phishing_Email_Detection\IAP491t_backups\Dataset\phishing\TREC_05.csv,45120,1123069,CSV field count does not match header; cannot safely infer missing fields
\\?\D:\HUB\IAP491-Phishing_Email_Detection\IAP491t_backups\Dataset\phishing\TREC_05.csv,45121,1123070,CSV field count does not match header; cannot safely infer missing fields
\\?\D:\HUB\IAP491-Phishing_Email_Detection\IAP491t_backups\Dataset\phishing\TREC_05.csv,45122,1123071,CSV field count does not match header; cannot safely infer missing fields
\\?\D:\HUB\IAP491-Phishing_Email_Detection\IAP491t_backups\Dataset\phishing\TREC_05.csv,45123,1123072,CSV field count does not match header; cannot safely infer missing fields
\\?\D:\HUB\IAP491-Phishing_Email_Detection\IAP491t_backups\Dataset\phishing\TREC_05.csv,45131,1123307,CSV field count does not match header; cannot safely infer missing fields
\\?\D:\HUB\IAP491-Phishing_Email_Detection\IAP491t_backups\Dataset\phishing\TREC_05.csv,45132,1123308,CSV field count does not match header; cannot safely infer missing fields
\\?\D:\HUB\IAP491-Phishing_Email_Detection\IAP491t_backups\Dataset\phishing\TREC_05.csv,45133,1123309,CSV field count does not match header; cannot safely infer missing fields
\\?\D:\HUB\IAP491-Phishing_Email_Detection\IAP491t_backups\Dataset\phishing\TREC_05.csv,45134,1123310,CSV field count does not match header; cannot safely infer missing fields
\\?\D:\HUB\IAP491-Phishing_Email_Detection\IAP491t_backups\Dataset\phishing\TREC_05.csv,45135,1123311,CSV field count does not match header; cannot safely infer missing fields
\\?\D:\HUB\IAP491-Phishing_Email_Detection\IAP491t_backups\Dataset\phishing\TREC_05.csv,45136,1123312,CSV field count does not match header; cannot safely infer missing fields
\\?\D:\HUB\IAP491-Phishing_Email_Detection\IAP491t_backups\Dataset\phishing\TREC_05.csv,45137,1123313,CSV field count does not match header; cannot safely infer missing fields
\\?\D:\HUB\IAP491-Phishing_Email_Detection\IAP491t_backups\Dataset\phishing\TREC_05.csv,45138,1123314,CSV field count does not match header; cannot safely infer missing fields
\\?\D:\HUB\IAP491-Phishing_Email_Detection\IAP491t_backups\Dataset\phishing\TREC_05.csv,45139,1123315,CSV field count does not match header; cannot safely infer missing fields
\\?\D:\HUB\IAP491-Phishing_Email_Detection\IAP491t_backups\Dataset\phishing\TREC_05.csv,45141,1123358,CSV field count does not match header; cannot safely infer missing fields
\\?\D:\HUB\IAP491-Phishing_Email_Detection\IAP491t_backups\Dataset\phishing\TREC_05.csv,45142,1123359,CSV field count does not match header; cannot safely infer missing fields
\\?\D:\HUB\IAP491-Phishing_Email_Detection\IAP491t_backups\Dataset\phishing\TREC_05.csv,45143,1123360,CSV field count does not match header; cannot safely infer missing fields
\\?\D:\HUB\IAP491-Phishing_Email_Detection\IAP491t_backups\Dataset\phishing\TREC_05.csv,45144,1123361,CSV field count does not match header; cannot safely infer missing fields
\\?\D:\HUB\IAP491-Phishing_Email_Detection\IAP491t_backups\Dataset\phishing\TREC_05.csv,45145,1123362,CSV field count does not match header; cannot safely infer missing fields
\\?\D:\HUB\IAP491-Phishing_Email_Detection\IAP491t_backups\Dataset\phishing\TREC_05.csv,45146,1123363,CSV field count does not match header; cannot safely infer missing fields
\\?\D:\HUB\IAP491-Phishing_Email_Detection\IAP491t_backups\Dataset\phishing\TREC_05.csv,45173,1124182,CSV field count does not match header; cannot safely infer missing fields
\\?\D:\HUB\IAP491-Phishing_Email_Detection\IAP491t_backups\Dataset\phishing\TREC_05.csv,45174,1124183,CSV field count does not match header; cannot safely infer missing fields
\\?\D:\HUB\IAP491-Phishing_Email_Detection\IAP491t_backups\Dataset\phishing\TREC_05.csv,45175,1124184,CSV field count does not match header; cannot safely infer missing fields
\\?\D:\HUB\IAP491-Phishing_Email_Detection\IAP491t_backups\Dataset\phishing\TREC_05.csv,45176,1124185,CSV field count does not match header; cannot safely infer missing fields
\\?\D:\HUB\IAP491-Phishing_Email_Detection\IAP491t_backups\Dataset\phishing\TREC_05.csv,45177,1124186,CSV field count does not match header; cannot safely infer missing fields
\\?\D:\HUB\IAP491-Phishing_Email_Detection\IAP491t_backups\Dataset\phishing\TREC_05.csv,45178,1124187,CSV field count does not match header; cannot safely infer missing fields
\\?\D:\HUB\IAP491-Phishing_Email_Detection\IAP491t_backups\Dataset\phishing\TREC_05.csv,45179,1124188,CSV field count does not match header; cannot safely infer missing fields
\\?\D:\HUB\IAP491-Phishing_Email_Detection\IAP491t_backups\Dataset\phishing\TREC_05.csv,46213,1150294,CSV field count does not match header; cannot safely infer missing fields
\\?\D:\HUB\IAP491-Phishing_Email_Detection\IAP491t_backups\Dataset\phishing\TREC_05.csv,46214,1150295,CSV field count does not match header; cannot safely infer missing fields
\\?\D:\HUB\IAP491-Phishing_Email_Detection\IAP491t_backups\Dataset\phishing\TREC_05.csv,46215,1150296,CSV field count does not match header; cannot safely infer missing fields
\\?\D:\HUB\IAP491-Phishing_Email_Detection\IAP491t_backups\Dataset\phishing\TREC_05.csv,46216,1150297,CSV field count does not match header; cannot safely infer missing fields
\\?\D:\HUB\IAP491-Phishing_Email_Detection\IAP491t_backups\Dataset\phishing\TREC_05.csv,46217,1150298,CSV field count does not match header; cannot safely infer missing fields
\\?\D:\HUB\IAP491-Phishing_Email_Detection\IAP491t_backups\Dataset\phishing\TREC_05.csv,46218,1150299,CSV field count does not match header; cannot safely infer missing fields
\\?\D:\HUB\IAP491-Phishing_Email_Detection\IAP491t_backups\Dataset\phishing\TREC_05.csv,46219,1150300,CSV field count does not match header; cannot safely infer missing fields
\\?\D:\HUB\IAP491-Phishing_Email_Detection\IAP491t_backups\Dataset\phishing\TREC_05.csv,46220,1150301,CSV field count does not match header; cannot safely infer missing fields
\\?\D:\HUB\IAP491-Phishing_Email_Detection\IAP491t_backups\Dataset\phishing\TREC_05.csv,46221,1150302,CSV field count does not match header; cannot safely infer missing fields
\\?\D:\HUB\IAP491-Phishing_Email_Detection\IAP491t_backups\Dataset\phishing\TREC_05.csv,46222,1150303,CSV field count does not match header; cannot safely infer missing fields
\\?\D:\HUB\IAP491-Phishing_Email_Detection\IAP491t_backups\Dataset\phishing\TREC_05.csv,46223,1150304,CSV field count does not match header; cannot safely infer missing fields
\\?\D:\HUB\IAP491-Phishing_Email_Detection\IAP491t_backups\Dataset\phishing\TREC_05.csv,46224,1150305,CSV field count does not match header; cannot safely infer missing fields
\\?\D:\HUB\IAP491-Phishing_Email_Detection\IAP491t_backups\Dataset\phishing\TREC_05.csv,46225,1150306,CSV field count does not match header; cannot safely infer missing fields
\\?\D:\HUB\IAP491-Phishing_Email_Detection\IAP491t_backups\Dataset\phishing\TREC_05.csv,46870,1164963,CSV field count does not match header; cannot safely infer missing fields
\\?\D:\HUB\IAP491-Phishing_Email_Detection\IAP491t_backups\Dataset\phishing\TREC_05.csv,46871,1164964,CSV field count does not match header; cannot safely infer missing fields
\\?\D:\HUB\IAP491-Phishing_Email_Detection\IAP491t_backups\Dataset\phishing\TREC_05.csv,46872,1164965,CSV field count does not match header; cannot safely infer missing fields
\\?\D:\HUB\IAP491-Phishing_Email_Detection\IAP491t_backups\Dataset\phishing\TREC_05.csv,46873,1164966,CSV field count does not match header; cannot safely infer missing fields
\\?\D:\HUB\IAP491-Phishing_Email_Detection\IAP491t_backups\Dataset\phishing\TREC_05.csv,46874,1164967,CSV field count does not match header; cannot safely infer missing fields
\\?\D:\HUB\IAP491-Phishing_Email_Detection\IAP491t_backups\Dataset\phishing\TREC_05.csv,46875,1164968,CSV field count does not match header; cannot safely infer missing fields
\\?\D:\HUB\IAP491-Phishing_Email_Detection\IAP491t_backups\Dataset\phishing\TREC_05.csv,46876,1164969,CSV field count does not match header; cannot safely infer missing fields
\\?\D:\HUB\IAP491-Phishing_Email_Detection\IAP491t_backups\Dataset\phishing\TREC_05.csv,46877,1164970,CSV field count does not match header; cannot safely infer missing fields
\\?\D:\HUB\IAP491-Phishing_Email_Detection\IAP491t_backups\Dataset\phishing\TREC_05.csv,46878,1164971,CSV field count does not match header; cannot safely infer missing fields
\\?\D:\HUB\IAP491-Phishing_Email_Detection\IAP491t_backups\Dataset\phishing\TREC_05.csv,46879,1164972,CSV field count does not match header; cannot safely infer missing fields
\\?\D:\HUB\IAP491-Phishing_Email_Detection\IAP491t_backups\Dataset\phishing\TREC_05.csv,46880,1164973,CSV field count does not match header; cannot safely infer missing fields
\\?\D:\HUB\IAP491-Phishing_Email_Detection\IAP491t_backups\Dataset\phishing\TREC_05.csv,46881,1164974,CSV field count does not match header; cannot safely infer missing fields
\\?\D:\HUB\IAP491-Phishing_Email_Detection\IAP491t_backups\Dataset\phishing\TREC_05.csv,46882,1164975,CSV field count does not match header; cannot safely infer missing fields
\\?\D:\HUB\IAP491-Phishing_Email_Detection\IAP491t_backups\Dataset\phishing\TREC_05.csv,46883,1164976,CSV field count does not match header; cannot safely infer missing fields
\\?\D:\HUB\IAP491-Phishing_Email_Detection\IAP491t_backups\Dataset\phishing\TREC_05.csv,46884,1164977,CSV field count does not match header; cannot safely infer missing fields
\\?\D:\HUB\IAP491-Phishing_Email_Detection\IAP491t_backups\Dataset\phishing\TREC_05.csv,46885,1164978,CSV field count does not match header; cannot safely infer missing fields
\\?\D:\HUB\IAP491-Phishing_Email_Detection\IAP491t_backups\Dataset\phishing\TREC_05.csv,47324,1175197,CSV field count does not match header; cannot safely infer missing fields
\\?\D:\HUB\IAP491-Phishing_Email_Detection\IAP491t_backups\Dataset\phishing\TREC_05.csv,47325,1175198,CSV field count does not match header; cannot safely infer missing fields
\\?\D:\HUB\IAP491-Phishing_Email_Detection\IAP491t_backups\Dataset\phishing\TREC_05.csv,47326,1175199,CSV field count does not match header; cannot safely infer missing fields
\\?\D:\HUB\IAP491-Phishing_Email_Detection\IAP491t_backups\Dataset\phishing\TREC_05.csv,47327,1175200,CSV field count does not match header; cannot safely infer missing fields
\\?\D:\HUB\IAP491-Phishing_Email_Detection\IAP491t_backups\Dataset\phishing\TREC_05.csv,47470,1179710,CSV field count does not match header; cannot safely infer missing fields
\\?\D:\HUB\IAP491-Phishing_Email_Detection\IAP491t_backups\Dataset\phishing\TREC_05.csv,47471,1179711,CSV field count does not match header; cannot safely infer missing fields
\\?\D:\HUB\IAP491-Phishing_Email_Detection\IAP491t_backups\Dataset\phishing\TREC_05.csv,47472,1179712,CSV field count does not match header; cannot safely infer missing fields
\\?\D:\HUB\IAP491-Phishing_Email_Detection\IAP491t_backups\Dataset\phishing\TREC_05.csv,47473,1179713,CSV field count does not match header; cannot safely infer missing fields
\\?\D:\HUB\IAP491-Phishing_Email_Detection\IAP491t_backups\Dataset\phishing\TREC_05.csv,47474,1179714,CSV field count does not match header; cannot safely infer missing fields
\\?\D:\HUB\IAP491-Phishing_Email_Detection\IAP491t_backups\Dataset\phishing\TREC_05.csv,47594,1182830,CSV field count does not match header; cannot safely infer missing fields
\\?\D:\HUB\IAP491-Phishing_Email_Detection\IAP491t_backups\Dataset\phishing\TREC_05.csv,47595,1182831,CSV field count does not match header; cannot safely infer missing fields
\\?\D:\HUB\IAP491-Phishing_Email_Detection\IAP491t_backups\Dataset\phishing\TREC_05.csv,47596,1182832,CSV field count does not match header; cannot safely infer missing fields
\\?\D:\HUB\IAP491-Phishing_Email_Detection\IAP491t_backups\Dataset\phishing\TREC_05.csv,47597,1182833,CSV field count does not match header; cannot safely infer missing fields
\\?\D:\HUB\IAP491-Phishing_Email_Detection\IAP491t_backups\Dataset\phishing\TREC_05.csv,47598,1182834,CSV field count does not match header; cannot safely infer missing fields
\\?\D:\HUB\IAP491-Phishing_Email_Detection\IAP491t_backups\Dataset\phishing\TREC_05.csv,47599,1182835,CSV field count does not match header; cannot safely infer missing fields
\\?\D:\HUB\IAP491-Phishing_Email_Detection\IAP491t_backups\Dataset\phishing\TREC_05.csv,47600,1182836,CSV field count does not match header; cannot safely infer missing fields
\\?\D:\HUB\IAP491-Phishing_Email_Detection\IAP491t_backups\Dataset\phishing\TREC_05.csv,47914,1192106,CSV field count does not match header; cannot safely infer missing fields
\\?\D:\HUB\IAP491-Phishing_Email_Detection\IAP491t_backups\Dataset\phishing\TREC_05.csv,47915,1192107,CSV field count does not match header; cannot safely infer missing fields
\\?\D:\HUB\IAP491-Phishing_Email_Detection\IAP491t_backups\Dataset\phishing\TREC_05.csv,47916,1192108,CSV field count does not match header; cannot safely infer missing fields
\\?\D:\HUB\IAP491-Phishing_Email_Detection\IAP491t_backups\Dataset\phishing\TREC_05.csv,47917,1192109,CSV field count does not match header; cannot safely infer missing fields
\\?\D:\HUB\IAP491-Phishing_Email_Detection\IAP491t_backups\Dataset\phishing\TREC_05.csv,47918,1192110,CSV field count does not match header; cannot safely infer missing fields
\\?\D:\HUB\IAP491-Phishing_Email_Detection\IAP491t_backups\Dataset\phishing\TREC_05.csv,47919,1192111,CSV field count does not match header; cannot safely infer missing fields
\\?\D:\HUB\IAP491-Phishing_Email_Detection\IAP491t_backups\Dataset\phishing\TREC_05.csv,47920,1192112,CSV field count does not match header; cannot safely infer missing fields
\\?\D:\HUB\IAP491-Phishing_Email_Detection\IAP491t_backups\Dataset\phishing\TREC_05.csv,47921,1192113,CSV field count does not match header; cannot safely infer missing fields
\\?\D:\HUB\IAP491-Phishing_Email_Detection\IAP491t_backups\Dataset\phishing\TREC_05.csv,47922,1192114,CSV field count does not match header; cannot safely infer missing fields
\\?\D:\HUB\IAP491-Phishing_Email_Detection\IAP491t_backups\Dataset\phishing\TREC_05.csv,47923,1192115,CSV field count does not match header; cannot safely infer missing fields
\\?\D:\HUB\IAP491-Phishing_Email_Detection\IAP491t_backups\Dataset\phishing\TREC_05.csv,48426,1206538,CSV field count does not match header; cannot safely infer missing fields
\\?\D:\HUB\IAP491-Phishing_Email_Detection\IAP491t_backups\Dataset\phishing\TREC_05.csv,48427,1206539,CSV field count does not match header; cannot safely infer missing fields
\\?\D:\HUB\IAP491-Phishing_Email_Detection\IAP491t_backups\Dataset\phishing\TREC_05.csv,48428,1206540,CSV field count does not match header; cannot safely infer missing fields
\\?\D:\HUB\IAP491-Phishing_Email_Detection\IAP491t_backups\Dataset\phishing\TREC_05.csv,48429,1206541,CSV field count does not match header; cannot safely infer missing fields
\\?\D:\HUB\IAP491-Phishing_Email_Detection\IAP491t_backups\Dataset\phishing\TREC_05.csv,48430,1206542,CSV field count does not match header; cannot safely infer missing fields
\\?\D:\HUB\IAP491-Phishing_Email_Detection\IAP491t_backups\Dataset\phishing\TREC_05.csv,48431,1206543,CSV field count does not match header; cannot safely infer missing fields
\\?\D:\HUB\IAP491-Phishing_Email_Detection\IAP491t_backups\Dataset\phishing\TREC_05.csv,48432,1206544,CSV field count does not match header; cannot safely infer missing fields
\\?\D:\HUB\IAP491-Phishing_Email_Detection\IAP491t_backups\Dataset\phishing\TREC_05.csv,48433,1206545,CSV field count does not match header; cannot safely infer missing fields
\\?\D:\HUB\IAP491-Phishing_Email_Detection\IAP491t_backups\Dataset\phishing\TREC_05.csv,48925,1217678,CSV field count does not match header; cannot safely infer missing fields
\\?\D:\HUB\IAP491-Phishing_Email_Detection\IAP491t_backups\Dataset\phishing\TREC_05.csv,48926,1217679,CSV field count does not match header; cannot safely infer missing fields
\\?\D:\HUB\IAP491-Phishing_Email_Detection\IAP491t_backups\Dataset\phishing\TREC_05.csv,49431,1234597,CSV field count does not match header; cannot safely infer missing fields
\\?\D:\HUB\IAP491-Phishing_Email_Detection\IAP491t_backups\Dataset\phishing\TREC_05.csv,49432,1234598,CSV field count does not match header; cannot safely infer missing fields
\\?\D:\HUB\IAP491-Phishing_Email_Detection\IAP491t_backups\Dataset\phishing\TREC_05.csv,49433,1234599,CSV field count does not match header; cannot safely infer missing fields
\\?\D:\HUB\IAP491-Phishing_Email_Detection\IAP491t_backups\Dataset\phishing\TREC_05.csv,49434,1234600,CSV field count does not match header; cannot safely infer missing fields
\\?\D:\HUB\IAP491-Phishing_Email_Detection\IAP491t_backups\Dataset\phishing\TREC_05.csv,49435,1234601,CSV field count does not match header; cannot safely infer missing fields
\\?\D:\HUB\IAP491-Phishing_Email_Detection\IAP491t_backups\Dataset\phishing\TREC_05.csv,49436,1234602,CSV field count does not match header; cannot safely infer missing fields
\\?\D:\HUB\IAP491-Phishing_Email_Detection\IAP491t_backups\Dataset\phishing\TREC_05.csv,49437,1234603,CSV field count does not match header; cannot safely infer missing fields
\\?\D:\HUB\IAP491-Phishing_Email_Detection\IAP491t_backups\Dataset\phishing\TREC_05.csv,49438,1234604,CSV field count does not match header; cannot safely infer missing fields
\\?\D:\HUB\IAP491-Phishing_Email_Detection\IAP491t_backups\Dataset\phishing\TREC_05.csv,49439,1234605,CSV field count does not match header; cannot safely infer missing fields
\\?\D:\HUB\IAP491-Phishing_Email_Detection\IAP491t_backups\Dataset\phishing\TREC_05.csv,49593,1236892,CSV field count does not match header; cannot safely infer missing fields
\\?\D:\HUB\IAP491-Phishing_Email_Detection\IAP491t_backups\Dataset\phishing\TREC_05.csv,49594,1236893,CSV field count does not match header; cannot safely infer missing fields
\\?\D:\HUB\IAP491-Phishing_Email_Detection\IAP491t_backups\Dataset\phishing\TREC_05.csv,49947,1245166,CSV field count does not match header; cannot safely infer missing fields
\\?\D:\HUB\IAP491-Phishing_Email_Detection\IAP491t_backups\Dataset\phishing\TREC_05.csv,49948,1245167,CSV field count does not match header; cannot safely infer missing fields
\\?\D:\HUB\IAP491-Phishing_Email_Detection\IAP491t_backups\Dataset\phishing\TREC_05.csv,49949,1245168,CSV field count does not match header; cannot safely infer missing fields
\\?\D:\HUB\IAP491-Phishing_Email_Detection\IAP491t_backups\Dataset\phishing\TREC_05.csv,49950,1245169,CSV field count does not match header; cannot safely infer missing fields
\\?\D:\HUB\IAP491-Phishing_Email_Detection\IAP491t_backups\Dataset\phishing\TREC_05.csv,49951,1245170,CSV field count does not match header; cannot safely infer missing fields
\\?\D:\HUB\IAP491-Phishing_Email_Detection\IAP491t_backups\Dataset\phishing\TREC_05.csv,49954,1245188,CSV field count does not match header; cannot safely infer missing fields
\\?\D:\HUB\IAP491-Phishing_Email_Detection\IAP491t_backups\Dataset\phishing\TREC_05.csv,49955,1245189,CSV field count does not match header; cannot safely infer missing fields
\\?\D:\HUB\IAP491-Phishing_Email_Detection\IAP491t_backups\Dataset\phishing\TREC_05.csv,50954,1270437,CSV field count does not match header; cannot safely infer missing fields
\\?\D:\HUB\IAP491-Phishing_Email_Detection\IAP491t_backups\Dataset\phishing\TREC_05.csv,50955,1270438,CSV field count does not match header; cannot safely infer missing fields
\\?\D:\HUB\IAP491-Phishing_Email_Detection\IAP491t_backups\Dataset\phishing\TREC_05.csv,50956,1270439,CSV field count does not match header; cannot safely infer missing fields
\\?\D:\HUB\IAP491-Phishing_Email_Detection\IAP491t_backups\Dataset\phishing\TREC_05.csv,50957,1270440,CSV field count does not match header; cannot safely infer missing fields
\\?\D:\HUB\IAP491-Phishing_Email_Detection\IAP491t_backups\Dataset\phishing\TREC_05.csv,50958,1270441,CSV field count does not match header; cannot safely infer missing fields
\\?\D:\HUB\IAP491-Phishing_Email_Detection\IAP491t_backups\Dataset\phishing\TREC_05.csv,50960,1270443,CSV field count does not match header; cannot safely infer missing fields
\\?\D:\HUB\IAP491-Phishing_Email_Detection\IAP491t_backups\Dataset\phishing\TREC_05.csv,50961,1270444,CSV field count does not match header; cannot safely infer missing fields
\\?\D:\HUB\IAP491-Phishing_Email_Detection\IAP491t_backups\Dataset\phishing\TREC_05.csv,51047,1272068,CSV field count does not match header; cannot safely infer missing fields
\\?\D:\HUB\IAP491-Phishing_Email_Detection\IAP491t_backups\Dataset\phishing\TREC_05.csv,51048,1272069,CSV field count does not match header; cannot safely infer missing fields
\\?\D:\HUB\IAP491-Phishing_Email_Detection\IAP491t_backups\Dataset\phishing\TREC_05.csv,51052,1272123,CSV field count does not match header; cannot safely infer missing fields
\\?\D:\HUB\IAP491-Phishing_Email_Detection\IAP491t_backups\Dataset\phishing\TREC_05.csv,51053,1272124,CSV field count does not match header; cannot safely infer missing fields
\\?\D:\HUB\IAP491-Phishing_Email_Detection\IAP491t_backups\Dataset\phishing\TREC_05.csv,51054,1272125,CSV field count does not match header; cannot safely infer missing fields
\\?\D:\HUB\IAP491-Phishing_Email_Detection\IAP491t_backups\Dataset\phishing\TREC_05.csv,51072,1272338,CSV field count does not match header; cannot safely infer missing fields
\\?\D:\HUB\IAP491-Phishing_Email_Detection\IAP491t_backups\Dataset\phishing\TREC_05.csv,51073,1272339,CSV field count does not match header; cannot safely infer missing fields
\\?\D:\HUB\IAP491-Phishing_Email_Detection\IAP491t_backups\Dataset\phishing\TREC_05.csv,51074,1272340,CSV field count does not match header; cannot safely infer missing fields
\\?\D:\HUB\IAP491-Phishing_Email_Detection\IAP491t_backups\Dataset\phishing\TREC_05.csv,51075,1272341,CSV field count does not match header; cannot safely infer missing fields
\\?\D:\HUB\IAP491-Phishing_Email_Detection\IAP491t_backups\Dataset\phishing\TREC_05.csv,51076,1272342,CSV field count does not match header; cannot safely infer missing fields
\\?\D:\HUB\IAP491-Phishing_Email_Detection\IAP491t_backups\Dataset\phishing\TREC_05.csv,51077,1272343,CSV field count does not match header; cannot safely infer missing fields
\\?\D:\HUB\IAP491-Phishing_Email_Detection\IAP491t_backups\Dataset\phishing\TREC_05.csv,51078,1272344,CSV field count does not match header; cannot safely infer missing fields
\\?\D:\HUB\IAP491-Phishing_Email_Detection\IAP491t_backups\Dataset\phishing\TREC_05.csv,51079,1272345,CSV field count does not match header; cannot safely infer missing fields
\\?\D:\HUB\IAP491-Phishing_Email_Detection\IAP491t_backups\Dataset\phishing\TREC_05.csv,51080,1272346,CSV field count does not match header; cannot safely infer missing fields
\\?\D:\HUB\IAP491-Phishing_Email_Detection\IAP491t_backups\Dataset\phishing\TREC_05.csv,51081,1272347,CSV field count does not match header; cannot safely infer missing fields
\\?\D:\HUB\IAP491-Phishing_Email_Detection\IAP491t_backups\Dataset\phishing\TREC_05.csv,51082,1272348,CSV field count does not match header; cannot safely infer missing fields
\\?\D:\HUB\IAP491-Phishing_Email_Detection\IAP491t_backups\Dataset\phishing\TREC_05.csv,51083,1272349,CSV field count does not match header; cannot safely infer missing fields
\\?\D:\HUB\IAP491-Phishing_Email_Detection\IAP491t_backups\Dataset\phishing\TREC_05.csv,51084,1272350,CSV field count does not match header; cannot safely infer missing fields
\\?\D:\HUB\IAP491-Phishing_Email_Detection\IAP491t_backups\Dataset\phishing\TREC_05.csv,51085,1272351,CSV field count does not match header; cannot safely infer missing fields
\\?\D:\HUB\IAP491-Phishing_Email_Detection\IAP491t_backups\Dataset\phishing\TREC_05.csv,51086,1272352,CSV field count does not match header; cannot safely infer missing fields
\\?\D:\HUB\IAP491-Phishing_Email_Detection\IAP491t_backups\Dataset\phishing\TREC_05.csv,51088,1272354,CSV field count does not match header; cannot safely infer missing fields
\\?\D:\HUB\IAP491-Phishing_Email_Detection\IAP491t_backups\Dataset\phishing\TREC_05.csv,51089,1272355,CSV field count does not match header; cannot safely infer missing fields
\\?\D:\HUB\IAP491-Phishing_Email_Detection\IAP491t_backups\Dataset\phishing\TREC_05.csv,51090,1272356,CSV field count does not match header; cannot safely infer missing fields
\\?\D:\HUB\IAP491-Phishing_Email_Detection\IAP491t_backups\Dataset\phishing\TREC_05.csv,51091,1272357,CSV field count does not match header; cannot safely infer missing fields
\\?\D:\HUB\IAP491-Phishing_Email_Detection\IAP491t_backups\Dataset\phishing\TREC_05.csv,51092,1272358,CSV field count does not match header; cannot safely infer missing fields
\\?\D:\HUB\IAP491-Phishing_Email_Detection\IAP491t_backups\Dataset\phishing\TREC_05.csv,51093,1272359,CSV field count does not match header; cannot safely infer missing fields
\\?\D:\HUB\IAP491-Phishing_Email_Detection\IAP491t_backups\Dataset\phishing\TREC_05.csv,51094,1272360,CSV field count does not match header; cannot safely infer missing fields
\\?\D:\HUB\IAP491-Phishing_Email_Detection\IAP491t_backups\Dataset\phishing\TREC_05.csv,51095,1272361,CSV field count does not match header; cannot safely infer missing fields
\\?\D:\HUB\IAP491-Phishing_Email_Detection\IAP491t_backups\Dataset\phishing\TREC_05.csv,51096,1272362,CSV field count does not match header; cannot safely infer missing fields
\\?\D:\HUB\IAP491-Phishing_Email_Detection\IAP491t_backups\Dataset\phishing\TREC_05.csv,51097,1272363,CSV field count does not match header; cannot safely infer missing fields
\\?\D:\HUB\IAP491-Phishing_Email_Detection\IAP491t_backups\Dataset\phishing\TREC_05.csv,51098,1272364,CSV field count does not match header; cannot safely infer missing fields
\\?\D:\HUB\IAP491-Phishing_Email_Detection\IAP491t_backups\Dataset\phishing\TREC_05.csv,51108,1272540,CSV field count does not match header; cannot safely infer missing fields
\\?\D:\HUB\IAP491-Phishing_Email_Detection\IAP491t_backups\Dataset\phishing\TREC_05.csv,51109,1272541,CSV field count does not match header; cannot safely infer missing fields
\\?\D:\HUB\IAP491-Phishing_Email_Detection\IAP491t_backups\Dataset\phishing\TREC_05.csv,51110,1272542,CSV field count does not match header; cannot safely infer missing fields
\\?\D:\HUB\IAP491-Phishing_Email_Detection\IAP491t_backups\Dataset\phishing\TREC_05.csv,51111,1272543,CSV field count does not match header; cannot safely infer missing fields
\\?\D:\HUB\IAP491-Phishing_Email_Detection\IAP491t_backups\Dataset\phishing\TREC_05.csv,51112,1272544,CSV field count does not match header; cannot safely infer missing fields
\\?\D:\HUB\IAP491-Phishing_Email_Detection\IAP491t_backups\Dataset\phishing\TREC_05.csv,51113,1272545,CSV field count does not match header; cannot safely infer missing fields
\\?\D:\HUB\IAP491-Phishing_Email_Detection\IAP491t_backups\Dataset\phishing\TREC_05.csv,51114,1272546,CSV field count does not match header; cannot safely infer missing fields
\\?\D:\HUB\IAP491-Phishing_Email_Detection\IAP491t_backups\Dataset\phishing\TREC_05.csv,51115,1272547,CSV field count does not match header; cannot safely infer missing fields
\\?\D:\HUB\IAP491-Phishing_Email_Detection\IAP491t_backups\Dataset\phishing\TREC_05.csv,51116,1272548,CSV field count does not match header; cannot safely infer missing fields
\\?\D:\HUB\IAP491-Phishing_Email_Detection\IAP491t_backups\Dataset\phishing\TREC_05.csv,51117,1272549,CSV field count does not match header; cannot safely infer missing fields
\\?\D:\HUB\IAP491-Phishing_Email_Detection\IAP491t_backups\Dataset\phishing\TREC_05.csv,51118,1272550,CSV field count does not match header; cannot safely infer missing fields
\\?\D:\HUB\IAP491-Phishing_Email_Detection\IAP491t_backups\Dataset\phishing\TREC_05.csv,51119,1272551,CSV field count does not match header; cannot safely infer missing fields
\\?\D:\HUB\IAP491-Phishing_Email_Detection\IAP491t_backups\Dataset\phishing\TREC_05.csv,51120,1272552,CSV field count does not match header; cannot safely infer missing fields
\\?\D:\HUB\IAP491-Phishing_Email_Detection\IAP491t_backups\Dataset\phishing\TREC_05.csv,51121,1272553,CSV field count does not match header; cannot safely infer missing fields
\\?\D:\HUB\IAP491-Phishing_Email_Detection\IAP491t_backups\Dataset\phishing\TREC_05.csv,51128,1272605,CSV field count does not match header; cannot safely infer missing fields
\\?\D:\HUB\IAP491-Phishing_Email_Detection\IAP491t_backups\Dataset\phishing\TREC_05.csv,51129,1272606,CSV field count does not match header; cannot safely infer missing fields
\\?\D:\HUB\IAP491-Phishing_Email_Detection\IAP491t_backups\Dataset\phishing\TREC_05.csv,51130,1272607,CSV field count does not match header; cannot safely infer missing fields
\\?\D:\HUB\IAP491-Phishing_Email_Detection\IAP491t_backups\Dataset\phishing\TREC_05.csv,51131,1272608,CSV field count does not match header; cannot safely infer missing fields
\\?\D:\HUB\IAP491-Phishing_Email_Detection\IAP491t_backups\Dataset\phishing\TREC_05.csv,51132,1272609,CSV field count does not match header; cannot safely infer missing fields
\\?\D:\HUB\IAP491-Phishing_Email_Detection\IAP491t_backups\Dataset\phishing\TREC_05.csv,51133,1272610,CSV field count does not match header; cannot safely infer missing fields
\\?\D:\HUB\IAP491-Phishing_Email_Detection\IAP491t_backups\Dataset\phishing\TREC_05.csv,51134,1272611,CSV field count does not match header; cannot safely infer missing fields
\\?\D:\HUB\IAP491-Phishing_Email_Detection\IAP491t_backups\Dataset\phishing\TREC_05.csv,51135,1272612,CSV field count does not match header; cannot safely infer missing fields
\\?\D:\HUB\IAP491-Phishing_Email_Detection\IAP491t_backups\Dataset\phishing\TREC_05.csv,51136,1272613,CSV field count does not match header; cannot safely infer missing fields
\\?\D:\HUB\IAP491-Phishing_Email_Detection\IAP491t_backups\Dataset\phishing\TREC_05.csv,51137,1272614,CSV field count does not match header; cannot safely infer missing fields
\\?\D:\HUB\IAP491-Phishing_Email_Detection\IAP491t_backups\Dataset\phishing\TREC_05.csv,51138,1272615,CSV field count does not match header; cannot safely infer missing fields
\\?\D:\HUB\IAP491-Phishing_Email_Detection\IAP491t_backups\Dataset\phishing\TREC_05.csv,51139,1272616,CSV field count does not match header; cannot safely infer missing fields
\\?\D:\HUB\IAP491-Phishing_Email_Detection\IAP491t_backups\Dataset\phishing\TREC_05.csv,51140,1272617,CSV field count does not match header; cannot safely infer missing fields
\\?\D:\HUB\IAP491-Phishing_Email_Detection\IAP491t_backups\Dataset\phishing\TREC_05.csv,51141,1272618,CSV field count does not match header; cannot safely infer missing fields
\\?\D:\HUB\IAP491-Phishing_Email_Detection\IAP491t_backups\Dataset\phishing\TREC_05.csv,51142,1272619,CSV field count does not match header; cannot safely infer missing fields
\\?\D:\HUB\IAP491-Phishing_Email_Detection\IAP491t_backups\Dataset\phishing\TREC_05.csv,51764,1286307,CSV field count does not match header; cannot safely infer missing fields
\\?\D:\HUB\IAP491-Phishing_Email_Detection\IAP491t_backups\Dataset\phishing\TREC_05.csv,51765,1286308,CSV field count does not match header; cannot safely infer missing fields
\\?\D:\HUB\IAP491-Phishing_Email_Detection\IAP491t_backups\Dataset\phishing\TREC_05.csv,51766,1286309,CSV field count does not match header; cannot safely infer missing fields
\\?\D:\HUB\IAP491-Phishing_Email_Detection\IAP491t_backups\Dataset\phishing\TREC_05.csv,51767,1286310,CSV field count does not match header; cannot safely infer missing fields
\\?\D:\HUB\IAP491-Phishing_Email_Detection\IAP491t_backups\Dataset\phishing\TREC_05.csv,51768,1286311,CSV field count does not match header; cannot safely infer missing fields
\\?\D:\HUB\IAP491-Phishing_Email_Detection\IAP491t_backups\Dataset\phishing\TREC_05.csv,51769,1286312,CSV field count does not match header; cannot safely infer missing fields
\\?\D:\HUB\IAP491-Phishing_Email_Detection\IAP491t_backups\Dataset\phishing\TREC_05.csv,51770,1286313,CSV field count does not match header; cannot safely infer missing fields
\\?\D:\HUB\IAP491-Phishing_Email_Detection\IAP491t_backups\Dataset\phishing\TREC_05.csv,51771,1286314,CSV field count does not match header; cannot safely infer missing fields
\\?\D:\HUB\IAP491-Phishing_Email_Detection\IAP491t_backups\Dataset\phishing\TREC_05.csv,51772,1286315,CSV field count does not match header; cannot safely infer missing fields
\\?\D:\HUB\IAP491-Phishing_Email_Detection\IAP491t_backups\Dataset\phishing\TREC_05.csv,51773,1286316,CSV field count does not match header; cannot safely infer missing fields
\\?\D:\HUB\IAP491-Phishing_Email_Detection\IAP491t_backups\Dataset\phishing\TREC_05.csv,51774,1286317,CSV field count does not match header; cannot safely infer missing fields
\\?\D:\HUB\IAP491-Phishing_Email_Detection\IAP491t_backups\Dataset\phishing\TREC_05.csv,52017,1292374,CSV field count does not match header; cannot safely infer missing fields
\\?\D:\HUB\IAP491-Phishing_Email_Detection\IAP491t_backups\Dataset\phishing\TREC_05.csv,52018,1292375,CSV field count does not match header; cannot safely infer missing fields
\\?\D:\HUB\IAP491-Phishing_Email_Detection\IAP491t_backups\Dataset\phishing\TREC_05.csv,52019,1292376,CSV field count does not match header; cannot safely infer missing fields
\\?\D:\HUB\IAP491-Phishing_Email_Detection\IAP491t_backups\Dataset\phishing\TREC_05.csv,52020,1292377,CSV field count does not match header; cannot safely infer missing fields
\\?\D:\HUB\IAP491-Phishing_Email_Detection\IAP491t_backups\Dataset\phishing\TREC_05.csv,52021,1292378,CSV field count does not match header; cannot safely infer missing fields
\\?\D:\HUB\IAP491-Phishing_Email_Detection\IAP491t_backups\Dataset\phishing\TREC_05.csv,52022,1292379,CSV field count does not match header; cannot safely infer missing fields
\\?\D:\HUB\IAP491-Phishing_Email_Detection\IAP491t_backups\Dataset\phishing\TREC_05.csv,52026,1292440,CSV field count does not match header; cannot safely infer missing fields
\\?\D:\HUB\IAP491-Phishing_Email_Detection\IAP491t_backups\Dataset\phishing\TREC_05.csv,52027,1292441,CSV field count does not match header; cannot safely infer missing fields
\\?\D:\HUB\IAP491-Phishing_Email_Detection\IAP491t_backups\Dataset\phishing\TREC_05.csv,52028,1292442,CSV field count does not match header; cannot safely infer missing fields
\\?\D:\HUB\IAP491-Phishing_Email_Detection\IAP491t_backups\Dataset\phishing\TREC_05.csv,52029,1292443,CSV field count does not match header; cannot safely infer missing fields
\\?\D:\HUB\IAP491-Phishing_Email_Detection\IAP491t_backups\Dataset\phishing\TREC_05.csv,52030,1292444,CSV field count does not match header; cannot safely infer missing fields
\\?\D:\HUB\IAP491-Phishing_Email_Detection\IAP491t_backups\Dataset\phishing\TREC_05.csv,52031,1292445,CSV field count does not match header; cannot safely infer missing fields
\\?\D:\HUB\IAP491-Phishing_Email_Detection\IAP491t_backups\Dataset\phishing\TREC_05.csv,52032,1292446,CSV field count does not match header; cannot safely infer missing fields
\\?\D:\HUB\IAP491-Phishing_Email_Detection\IAP491t_backups\Dataset\phishing\TREC_05.csv,52047,1292711,CSV field count does not match header; cannot safely infer missing fields
\\?\D:\HUB\IAP491-Phishing_Email_Detection\IAP491t_backups\Dataset\phishing\TREC_05.csv,52048,1292712,CSV field count does not match header; cannot safely infer missing fields
\\?\D:\HUB\IAP491-Phishing_Email_Detection\IAP491t_backups\Dataset\phishing\TREC_05.csv,52049,1292713,CSV field count does not match header; cannot safely infer missing fields
\\?\D:\HUB\IAP491-Phishing_Email_Detection\IAP491t_backups\Dataset\phishing\TREC_05.csv,52050,1292714,CSV field count does not match header; cannot safely infer missing fields
\\?\D:\HUB\IAP491-Phishing_Email_Detection\IAP491t_backups\Dataset\phishing\TREC_05.csv,52051,1292715,CSV field count does not match header; cannot safely infer missing fields
\\?\D:\HUB\IAP491-Phishing_Email_Detection\IAP491t_backups\Dataset\phishing\TREC_05.csv,52052,1292716,CSV field count does not match header; cannot safely infer missing fields
\\?\D:\HUB\IAP491-Phishing_Email_Detection\IAP491t_backups\Dataset\phishing\TREC_05.csv,52053,1292717,CSV field count does not match header; cannot safely infer missing fields
\\?\D:\HUB\IAP491-Phishing_Email_Detection\IAP491t_backups\Dataset\phishing\TREC_05.csv,52054,1292718,CSV field count does not match header; cannot safely infer missing fields
\\?\D:\HUB\IAP491-Phishing_Email_Detection\IAP491t_backups\Dataset\phishing\TREC_05.csv,52055,1292719,CSV field count does not match header; cannot safely infer missing fields
\\?\D:\HUB\IAP491-Phishing_Email_Detection\IAP491t_backups\Dataset\phishing\TREC_05.csv,52165,1294642,CSV field count does not match header; cannot safely infer missing fields
\\?\D:\HUB\IAP491-Phishing_Email_Detection\IAP491t_backups\Dataset\phishing\TREC_05.csv,52166,1294643,CSV field count does not match header; cannot safely infer missing fields
\\?\D:\HUB\IAP491-Phishing_Email_Detection\IAP491t_backups\Dataset\phishing\TREC_05.csv,52167,1294644,CSV field count does not match header; cannot safely infer missing fields
\\?\D:\HUB\IAP491-Phishing_Email_Detection\IAP491t_backups\Dataset\phishing\TREC_05.csv,52168,1294645,CSV field count does not match header; cannot safely infer missing fields
\\?\D:\HUB\IAP491-Phishing_Email_Detection\IAP491t_backups\Dataset\phishing\TREC_05.csv,52189,1294977,CSV field count does not match header; cannot safely infer missing fields
\\?\D:\HUB\IAP491-Phishing_Email_Detection\IAP491t_backups\Dataset\phishing\TREC_05.csv,52190,1294978,CSV field count does not match header; cannot safely infer missing fields
\\?\D:\HUB\IAP491-Phishing_Email_Detection\IAP491t_backups\Dataset\phishing\TREC_05.csv,52191,1294979,CSV field count does not match header; cannot safely infer missing fields
\\?\D:\HUB\IAP491-Phishing_Email_Detection\IAP491t_backups\Dataset\phishing\TREC_05.csv,52354,1298320,CSV field count does not match header; cannot safely infer missing fields
\\?\D:\HUB\IAP491-Phishing_Email_Detection\IAP491t_backups\Dataset\phishing\TREC_05.csv,52355,1298321,CSV field count does not match header; cannot safely infer missing fields
\\?\D:\HUB\IAP491-Phishing_Email_Detection\IAP491t_backups\Dataset\phishing\TREC_05.csv,52356,1298322,CSV field count does not match header; cannot safely infer missing fields
\\?\D:\HUB\IAP491-Phishing_Email_Detection\IAP491t_backups\Dataset\phishing\TREC_05.csv,52357,1298323,CSV field count does not match header; cannot safely infer missing fields
\\?\D:\HUB\IAP491-Phishing_Email_Detection\IAP491t_backups\Dataset\phishing\TREC_05.csv,52358,1298324,CSV field count does not match header; cannot safely infer missing fields
\\?\D:\HUB\IAP491-Phishing_Email_Detection\IAP491t_backups\Dataset\phishing\TREC_05.csv,52359,1298325,CSV field count does not match header; cannot safely infer missing fields
\\?\D:\HUB\IAP491-Phishing_Email_Detection\IAP491t_backups\Dataset\phishing\TREC_05.csv,52360,1298326,CSV field count does not match header; cannot safely infer missing fields
\\?\D:\HUB\IAP491-Phishing_Email_Detection\IAP491t_backups\Dataset\phishing\TREC_05.csv,52361,1298327,CSV field count does not match header; cannot safely infer missing fields
\\?\D:\HUB\IAP491-Phishing_Email_Detection\IAP491t_backups\Dataset\phishing\TREC_05.csv,52362,1298328,CSV field count does not match header; cannot safely infer missing fields
\\?\D:\HUB\IAP491-Phishing_Email_Detection\IAP491t_backups\Dataset\phishing\TREC_05.csv,52363,1298329,CSV field count does not match header; cannot safely infer missing fields
\\?\D:\HUB\IAP491-Phishing_Email_Detection\IAP491t_backups\Dataset\phishing\TREC_05.csv,52364,1298330,CSV field count does not match header; cannot safely infer missing fields
\\?\D:\HUB\IAP491-Phishing_Email_Detection\IAP491t_backups\Dataset\phishing\TREC_05.csv,52365,1298331,CSV field count does not match header; cannot safely infer missing fields
\\?\D:\HUB\IAP491-Phishing_Email_Detection\IAP491t_backups\Dataset\phishing\TREC_05.csv,52366,1298332,CSV field count does not match header; cannot safely infer missing fields
\\?\D:\HUB\IAP491-Phishing_Email_Detection\IAP491t_backups\Dataset\phishing\TREC_05.csv,52937,1313832,CSV field count does not match header; cannot safely infer missing fields
\\?\D:\HUB\IAP491-Phishing_Email_Detection\IAP491t_backups\Dataset\phishing\TREC_05.csv,52938,1313833,CSV field count does not match header; cannot safely infer missing fields
\\?\D:\HUB\IAP491-Phishing_Email_Detection\IAP491t_backups\Dataset\phishing\TREC_05.csv,53068,1318036,CSV field count does not match header; cannot safely infer missing fields
\\?\D:\HUB\IAP491-Phishing_Email_Detection\IAP491t_backups\Dataset\phishing\TREC_05.csv,53069,1318037,CSV field count does not match header; cannot safely infer missing fields
\\?\D:\HUB\IAP491-Phishing_Email_Detection\IAP491t_backups\Dataset\phishing\TREC_05.csv,53070,1318038,CSV field count does not match header; cannot safely infer missing fields
\\?\D:\HUB\IAP491-Phishing_Email_Detection\IAP491t_backups\Dataset\phishing\TREC_05.csv,53071,1318039,CSV field count does not match header; cannot safely infer missing fields
\\?\D:\HUB\IAP491-Phishing_Email_Detection\IAP491t_backups\Dataset\phishing\TREC_05.csv,53072,1318040,CSV field count does not match header; cannot safely infer missing fields
\\?\D:\HUB\IAP491-Phishing_Email_Detection\IAP491t_backups\Dataset\phishing\TREC_05.csv,53073,1318041,CSV field count does not match header; cannot safely infer missing fields
\\?\D:\HUB\IAP491-Phishing_Email_Detection\IAP491t_backups\Dataset\phishing\TREC_05.csv,53523,1328534,CSV field count does not match header; cannot safely infer missing fields
\\?\D:\HUB\IAP491-Phishing_Email_Detection\IAP491t_backups\Dataset\phishing\TREC_05.csv,53524,1328535,CSV field count does not match header; cannot safely infer missing fields
\\?\D:\HUB\IAP491-Phishing_Email_Detection\IAP491t_backups\Dataset\phishing\TREC_05.csv,53525,1328536,CSV field count does not match header; cannot safely infer missing fields
\\?\D:\HUB\IAP491-Phishing_Email_Detection\IAP491t_backups\Dataset\phishing\TREC_05.csv,54750,1353665,CSV field count does not match header; cannot safely infer missing fields
\\?\D:\HUB\IAP491-Phishing_Email_Detection\IAP491t_backups\Dataset\phishing\TREC_05.csv,54751,1353666,CSV field count does not match header; cannot safely infer missing fields
\\?\D:\HUB\IAP491-Phishing_Email_Detection\IAP491t_backups\Dataset\phishing\TREC_05.csv,54752,1353667,CSV field count does not match header; cannot safely infer missing fields
\\?\D:\HUB\IAP491-Phishing_Email_Detection\IAP491t_backups\Dataset\phishing\TREC_05.csv,54753,1353668,CSV field count does not match header; cannot safely infer missing fields
\\?\D:\HUB\IAP491-Phishing_Email_Detection\IAP491t_backups\Dataset\phishing\TREC_05.csv,54754,1353669,CSV field count does not match header; cannot safely infer missing fields
\\?\D:\HUB\IAP491-Phishing_Email_Detection\IAP491t_backups\Dataset\phishing\TREC_05.csv,54755,1353670,CSV field count does not match header; cannot safely infer missing fields
\\?\D:\HUB\IAP491-Phishing_Email_Detection\IAP491t_backups\Dataset\phishing\TREC_05.csv,54756,1353671,CSV field count does not match header; cannot safely infer missing fields
\\?\D:\HUB\IAP491-Phishing_Email_Detection\IAP491t_backups\Dataset\phishing\TREC_05.csv,54757,1353672,CSV field count does not match header; cannot safely infer missing fields
\\?\D:\HUB\IAP491-Phishing_Email_Detection\IAP491t_backups\Dataset\phishing\TREC_05.csv,55165,1364636,CSV field count does not match header; cannot safely infer missing fields
\\?\D:\HUB\IAP491-Phishing_Email_Detection\IAP491t_backups\Dataset\phishing\TREC_05.csv,55166,1364637,CSV field count does not match header; cannot safely infer missing fields
\\?\D:\HUB\IAP491-Phishing_Email_Detection\IAP491t_backups\Dataset\phishing\TREC_05.csv,55167,1364638,CSV field count does not match header; cannot safely infer missing fields
\\?\D:\HUB\IAP491-Phishing_Email_Detection\IAP491t_backups\Dataset\phishing\TREC_05.csv,55168,1364639,CSV field count does not match header; cannot safely infer missing fields
\\?\D:\HUB\IAP491-Phishing_Email_Detection\IAP491t_backups\Dataset\phishing\TREC_05.csv,55169,1364640,CSV field count does not match header; cannot safely infer missing fields
\\?\D:\HUB\IAP491-Phishing_Email_Detection\IAP491t_backups\Dataset\phishing\TREC_05.csv,55170,1364641,CSV field count does not match header; cannot safely infer missing fields
\\?\D:\HUB\IAP491-Phishing_Email_Detection\IAP491t_backups\Dataset\phishing\TREC_05.csv,55171,1364642,CSV field count does not match header; cannot safely infer missing fields
\\?\D:\HUB\IAP491-Phishing_Email_Detection\IAP491t_backups\Dataset\phishing\TREC_05.csv,55172,1364643,CSV field count does not match header; cannot safely infer missing fields
\\?\D:\HUB\IAP491-Phishing_Email_Detection\IAP491t_backups\Dataset\phishing\TREC_05.csv,55173,1364644,CSV field count does not match header; cannot safely infer missing fields
\\?\D:\HUB\IAP491-Phishing_Email_Detection\IAP491t_backups\Dataset\phishing\TREC_05.csv,55174,1364645,CSV field count does not match header; cannot safely infer missing fields
\\?\D:\HUB\IAP491-Phishing_Email_Detection\IAP491t_backups\Dataset\phishing\TREC_05.csv,55175,1364646,CSV field count does not match header; cannot safely infer missing fields
\\?\D:\HUB\IAP491-Phishing_Email_Detection\IAP491t_backups\Dataset\phishing\TREC_05.csv,55176,1364647,CSV field count does not match header; cannot safely infer missing fields
\\?\D:\HUB\IAP491-Phishing_Email_Detection\IAP491t_backups\Dataset\phishing\TREC_05.csv,55177,1364648,CSV field count does not match header; cannot safely infer missing fields
\\?\D:\HUB\IAP491-Phishing_Email_Detection\IAP491t_backups\Dataset\phishing\TREC_05.csv,55237,1366373,CSV field count does not match header; cannot safely infer missing fields
\\?\D:\HUB\IAP491-Phishing_Email_Detection\IAP491t_backups\Dataset\phishing\TREC_05.csv,55238,1366374,CSV field count does not match header; cannot safely infer missing fields
\\?\D:\HUB\IAP491-Phishing_Email_Detection\IAP491t_backups\Dataset\phishing\TREC_05.csv,55239,1366375,CSV field count does not match header; cannot safely infer missing fields
\\?\D:\HUB\IAP491-Phishing_Email_Detection\IAP491t_backups\Dataset\phishing\TREC_05.csv,55240,1366376,CSV field count does not match header; cannot safely infer missing fields
\\?\D:\HUB\IAP491-Phishing_Email_Detection\IAP491t_backups\Dataset\phishing\TREC_05.csv,55241,1366377,CSV field count does not match header; cannot safely infer missing fields
\\?\D:\HUB\IAP491-Phishing_Email_Detection\IAP491t_backups\Dataset\phishing\TREC_05.csv,55242,1366378,CSV field count does not match header; cannot safely infer missing fields
\\?\D:\HUB\IAP491-Phishing_Email_Detection\IAP491t_backups\Dataset\phishing\TREC_05.csv,55767,1377567,CSV field count does not match header; cannot safely infer missing fields
\\?\D:\HUB\IAP491-Phishing_Email_Detection\IAP491t_backups\Dataset\phishing\TREC_05.csv,55768,1377568,CSV field count does not match header; cannot safely infer missing fields
\\?\D:\HUB\IAP491-Phishing_Email_Detection\IAP491t_backups\Dataset\phishing\TREC_05.csv,55769,1377569,CSV field count does not match header; cannot safely infer missing fields
\\?\D:\HUB\IAP491-Phishing_Email_Detection\IAP491t_backups\Dataset\phishing\TREC_05.csv,55770,1377570,CSV field count does not match header; cannot safely infer missing fields
\\?\D:\HUB\IAP491-Phishing_Email_Detection\IAP491t_backups\Dataset\phishing\TREC_05.csv,55771,1377571,CSV field count does not match header; cannot safely infer missing fields
\\?\D:\HUB\IAP491-Phishing_Email_Detection\IAP491t_backups\Dataset\phishing\TREC_05.csv,55772,1377572,CSV field count does not match header; cannot safely infer missing fields
\\?\D:\HUB\IAP491-Phishing_Email_Detection\IAP491t_backups\Dataset\phishing\TREC_05.csv,55773,1377573,CSV field count does not match header; cannot safely infer missing fields
\\?\D:\HUB\IAP491-Phishing_Email_Detection\IAP491t_backups\Dataset\phishing\TREC_05.csv,55774,1377574,CSV field count does not match header; cannot safely infer missing fields
\\?\D:\HUB\IAP491-Phishing_Email_Detection\IAP491t_backups\Dataset\phishing\TREC_05.csv,55775,1377575,CSV field count does not match header; cannot safely infer missing fields
\\?\D:\HUB\IAP491-Phishing_Email_Detection\IAP491t_backups\Dataset\phishing\TREC_05.csv,55776,1377576,CSV field count does not match header; cannot safely infer missing fields
\\?\D:\HUB\IAP491-Phishing_Email_Detection\IAP491t_backups\Dataset\phishing\TREC_05.csv,55777,1377577,CSV field count does not match header; cannot safely infer missing fields
\\?\D:\HUB\IAP491-Phishing_Email_Detection\IAP491t_backups\Dataset\phishing\TREC_05.csv,55778,1377578,CSV field count does not match header; cannot safely infer missing fields
\\?\D:\HUB\IAP491-Phishing_Email_Detection\IAP491t_backups\Dataset\phishing\TREC_05.csv,55926,1380652,CSV field count does not match header; cannot safely infer missing fields
\\?\D:\HUB\IAP491-Phishing_Email_Detection\IAP491t_backups\Dataset\phishing\TREC_05.csv,55927,1380653,CSV field count does not match header; cannot safely infer missing fields
\\?\D:\HUB\IAP491-Phishing_Email_Detection\IAP491t_backups\Dataset\phishing\TREC_05.csv,55928,1380654,CSV field count does not match header; cannot safely infer missing fields
\\?\D:\HUB\IAP491-Phishing_Email_Detection\IAP491t_backups\Dataset\phishing\TREC_05.csv,55929,1380655,CSV field count does not match header; cannot safely infer missing fields
\\?\D:\HUB\IAP491-Phishing_Email_Detection\IAP491t_backups\Dataset\phishing\TREC_06.csv,176,3443,CSV field count does not match header; cannot safely infer missing fields
\\?\D:\HUB\IAP491-Phishing_Email_Detection\IAP491t_backups\Dataset\phishing\TREC_06.csv,177,3444,CSV field count does not match header; cannot safely infer missing fields
\\?\D:\HUB\IAP491-Phishing_Email_Detection\IAP491t_backups\Dataset\phishing\TREC_06.csv,178,3445,CSV field count does not match header; cannot safely infer missing fields
\\?\D:\HUB\IAP491-Phishing_Email_Detection\IAP491t_backups\Dataset\phishing\TREC_06.csv,2304,55412,CSV field count does not match header; cannot safely infer missing fields
\\?\D:\HUB\IAP491-Phishing_Email_Detection\IAP491t_backups\Dataset\phishing\TREC_06.csv,2305,55413,CSV field count does not match header; cannot safely infer missing fields
\\?\D:\HUB\IAP491-Phishing_Email_Detection\IAP491t_backups\Dataset\phishing\TREC_06.csv,2306,55414,CSV field count does not match header; cannot safely infer missing fields
\\?\D:\HUB\IAP491-Phishing_Email_Detection\IAP491t_backups\Dataset\phishing\TREC_06.csv,4249,97561,CSV field count does not match header; cannot safely infer missing fields
\\?\D:\HUB\IAP491-Phishing_Email_Detection\IAP491t_backups\Dataset\phishing\TREC_06.csv,4250,97562,CSV field count does not match header; cannot safely infer missing fields
\\?\D:\HUB\IAP491-Phishing_Email_Detection\IAP491t_backups\Dataset\phishing\TREC_06.csv,4251,97563,CSV field count does not match header; cannot safely infer missing fields
\\?\D:\HUB\IAP491-Phishing_Email_Detection\IAP491t_backups\Dataset\phishing\TREC_06.csv,4252,97564,CSV field count does not match header; cannot safely infer missing fields
\\?\D:\HUB\IAP491-Phishing_Email_Detection\IAP491t_backups\Dataset\phishing\TREC_06.csv,4253,97565,CSV field count does not match header; cannot safely infer missing fields
\\?\D:\HUB\IAP491-Phishing_Email_Detection\IAP491t_backups\Dataset\phishing\TREC_06.csv,8712,196876,CSV field count does not match header; cannot safely infer missing fields
\\?\D:\HUB\IAP491-Phishing_Email_Detection\IAP491t_backups\Dataset\phishing\TREC_06.csv,8713,196877,CSV field count does not match header; cannot safely infer missing fields
\\?\D:\HUB\IAP491-Phishing_Email_Detection\IAP491t_backups\Dataset\phishing\TREC_06.csv,8714,196878,CSV field count does not match header; cannot safely infer missing fields
\\?\D:\HUB\IAP491-Phishing_Email_Detection\IAP491t_backups\Dataset\phishing\TREC_06.csv,8715,196879,CSV field count does not match header; cannot safely infer missing fields
\\?\D:\HUB\IAP491-Phishing_Email_Detection\IAP491t_backups\Dataset\phishing\TREC_06.csv,8716,196880,CSV field count does not match header; cannot safely infer missing fields
\\?\D:\HUB\IAP491-Phishing_Email_Detection\IAP491t_backups\Dataset\phishing\TREC_06.csv,8717,196881,CSV field count does not match header; cannot safely infer missing fields
\\?\D:\HUB\IAP491-Phishing_Email_Detection\IAP491t_backups\Dataset\phishing\TREC_06.csv,8718,196882,CSV field count does not match header; cannot safely infer missing fields
\\?\D:\HUB\IAP491-Phishing_Email_Detection\IAP491t_backups\Dataset\phishing\TREC_06.csv,9041,203242,CSV field count does not match header; cannot safely infer missing fields
\\?\D:\HUB\IAP491-Phishing_Email_Detection\IAP491t_backups\Dataset\phishing\TREC_06.csv,9042,203243,CSV field count does not match header; cannot safely infer missing fields
\\?\D:\HUB\IAP491-Phishing_Email_Detection\IAP491t_backups\Dataset\phishing\TREC_06.csv,11096,266087,CSV field count does not match header; cannot safely infer missing fields
\\?\D:\HUB\IAP491-Phishing_Email_Detection\IAP491t_backups\Dataset\phishing\TREC_06.csv,11097,266088,CSV field count does not match header; cannot safely infer missing fields
\\?\D:\HUB\IAP491-Phishing_Email_Detection\IAP491t_backups\Dataset\phishing\TREC_06.csv,11652,287020,CSV field count does not match header; cannot safely infer missing fields
\\?\D:\HUB\IAP491-Phishing_Email_Detection\IAP491t_backups\Dataset\phishing\TREC_06.csv,11653,287021,CSV field count does not match header; cannot safely infer missing fields
\\?\D:\HUB\IAP491-Phishing_Email_Detection\IAP491t_backups\Dataset\phishing\TREC_06.csv,11654,287022,CSV field count does not match header; cannot safely infer missing fields
\\?\D:\HUB\IAP491-Phishing_Email_Detection\IAP491t_backups\Dataset\phishing\TREC_06.csv,11655,287023,CSV field count does not match header; cannot safely infer missing fields
\\?\D:\HUB\IAP491-Phishing_Email_Detection\IAP491t_backups\Dataset\phishing\TREC_06.csv,11656,287024,CSV field count does not match header; cannot safely infer missing fields
\\?\D:\HUB\IAP491-Phishing_Email_Detection\IAP491t_backups\Dataset\phishing\TREC_06.csv,11841,291103,CSV field count does not match header; cannot safely infer missing fields
\\?\D:\HUB\IAP491-Phishing_Email_Detection\IAP491t_backups\Dataset\phishing\TREC_06.csv,11842,291104,CSV field count does not match header; cannot safely infer missing fields
\\?\D:\HUB\IAP491-Phishing_Email_Detection\IAP491t_backups\Dataset\phishing\TREC_06.csv,12397,306208,CSV field count does not match header; cannot safely infer missing fields
\\?\D:\HUB\IAP491-Phishing_Email_Detection\IAP491t_backups\Dataset\phishing\TREC_06.csv,12398,306209,CSV field count does not match header; cannot safely infer missing fields
\\?\D:\HUB\IAP491-Phishing_Email_Detection\IAP491t_backups\Dataset\phishing\TREC_06.csv,12399,306210,CSV field count does not match header; cannot safely infer missing fields
\\?\D:\HUB\IAP491-Phishing_Email_Detection\IAP491t_backups\Dataset\phishing\TREC_06.csv,12400,306211,CSV field count does not match header; cannot safely infer missing fields
\\?\D:\HUB\IAP491-Phishing_Email_Detection\IAP491t_backups\Dataset\phishing\TREC_06.csv,13917,341934,CSV field count does not match header; cannot safely infer missing fields
\\?\D:\HUB\IAP491-Phishing_Email_Detection\IAP491t_backups\Dataset\phishing\TREC_06.csv,13918,341935,CSV field count does not match header; cannot safely infer missing fields
\\?\D:\HUB\IAP491-Phishing_Email_Detection\IAP491t_backups\Dataset\phishing\TREC_06.csv,13919,341936,CSV field count does not match header; cannot safely infer missing fields
\\?\D:\HUB\IAP491-Phishing_Email_Detection\IAP491t_backups\Dataset\phishing\TREC_06.csv,13966,343391,CSV field count does not match header; cannot safely infer missing fields
\\?\D:\HUB\IAP491-Phishing_Email_Detection\IAP491t_backups\Dataset\phishing\TREC_06.csv,13967,343392,CSV field count does not match header; cannot safely infer missing fields
\\?\D:\HUB\IAP491-Phishing_Email_Detection\IAP491t_backups\Dataset\phishing\TREC_06.csv,13968,343393,CSV field count does not match header; cannot safely infer missing fields
\\?\D:\HUB\IAP491-Phishing_Email_Detection\IAP491t_backups\Dataset\phishing\TREC_06.csv,13969,343394,CSV field count does not match header; cannot safely infer missing fields
\\?\D:\HUB\IAP491-Phishing_Email_Detection\IAP491t_backups\Dataset\phishing\TREC_06.csv,13970,343395,CSV field count does not match header; cannot safely infer missing fields
\\?\D:\HUB\IAP491-Phishing_Email_Detection\IAP491t_backups\Dataset\phishing\TREC_06.csv,13971,343396,CSV field count does not match header; cannot safely infer missing fields
\\?\D:\HUB\IAP491-Phishing_Email_Detection\IAP491t_backups\Dataset\phishing\TREC_06.csv,13972,343397,CSV field count does not match header; cannot safely infer missing fields
\\?\D:\HUB\IAP491-Phishing_Email_Detection\IAP491t_backups\Dataset\phishing\TREC_06.csv,13973,343398,CSV field count does not match header; cannot safely infer missing fields
\\?\D:\HUB\IAP491-Phishing_Email_Detection\IAP491t_backups\Dataset\phishing\TREC_06.csv,13974,343399,CSV field count does not match header; cannot safely infer missing fields
\\?\D:\HUB\IAP491-Phishing_Email_Detection\IAP491t_backups\Dataset\phishing\TREC_06.csv,14664,356752,CSV field count does not match header; cannot safely infer missing fields
\\?\D:\HUB\IAP491-Phishing_Email_Detection\IAP491t_backups\Dataset\phishing\TREC_06.csv,14665,356753,CSV field count does not match header; cannot safely infer missing fields
\\?\D:\HUB\IAP491-Phishing_Email_Detection\IAP491t_backups\Dataset\phishing\TREC_06.csv,14666,356754,CSV field count does not match header; cannot safely infer missing fields
\\?\D:\HUB\IAP491-Phishing_Email_Detection\IAP491t_backups\Dataset\phishing\TREC_06.csv,14667,356755,CSV field count does not match header; cannot safely infer missing fields
\\?\D:\HUB\IAP491-Phishing_Email_Detection\IAP491t_backups\Dataset\phishing\TREC_06.csv,14718,357919,CSV field count does not match header; cannot safely infer missing fields
\\?\D:\HUB\IAP491-Phishing_Email_Detection\IAP491t_backups\Dataset\phishing\TREC_06.csv,14719,357920,CSV field count does not match header; cannot safely infer missing fields
\\?\D:\HUB\IAP491-Phishing_Email_Detection\IAP491t_backups\Dataset\phishing\TREC_06.csv,14720,357921,CSV field count does not match header; cannot safely infer missing fields
\\?\D:\HUB\IAP491-Phishing_Email_Detection\IAP491t_backups\Dataset\phishing\TREC_06.csv,14721,357922,CSV field count does not match header; cannot safely infer missing fields
\\?\D:\HUB\IAP491-Phishing_Email_Detection\IAP491t_backups\Dataset\phishing\TREC_06.csv,14777,359166,CSV field count does not match header; cannot safely infer missing fields
\\?\D:\HUB\IAP491-Phishing_Email_Detection\IAP491t_backups\Dataset\phishing\TREC_06.csv,14778,359167,CSV field count does not match header; cannot safely infer missing fields
\\?\D:\HUB\IAP491-Phishing_Email_Detection\IAP491t_backups\Dataset\phishing\TREC_06.csv,14779,359168,CSV field count does not match header; cannot safely infer missing fields
\\?\D:\HUB\IAP491-Phishing_Email_Detection\IAP491t_backups\Dataset\phishing\TREC_06.csv,14780,359169,CSV field count does not match header; cannot safely infer missing fields
\\?\D:\HUB\IAP491-Phishing_Email_Detection\IAP491t_backups\Dataset\phishing\TREC_06.csv,15772,383950,CSV field count does not match header; cannot safely infer missing fields
\\?\D:\HUB\IAP491-Phishing_Email_Detection\IAP491t_backups\Dataset\phishing\TREC_06.csv,15773,383951,CSV field count does not match header; cannot safely infer missing fields
\\?\D:\HUB\IAP491-Phishing_Email_Detection\IAP491t_backups\Dataset\phishing\TREC_06.csv,15774,383952,CSV field count does not match header; cannot safely infer missing fields
\\?\D:\HUB\IAP491-Phishing_Email_Detection\IAP491t_backups\Dataset\phishing\TREC_06.csv,16127,397710,CSV field count does not match header; cannot safely infer missing fields
\\?\D:\HUB\IAP491-Phishing_Email_Detection\IAP491t_backups\Dataset\phishing\TREC_06.csv,16128,397711,CSV field count does not match header; cannot safely infer missing fields
\\?\D:\HUB\IAP491-Phishing_Email_Detection\IAP491t_backups\Dataset\phishing\TREC_06.csv,16129,397712,CSV field count does not match header; cannot safely infer missing fields
